date,size,files
20220208-08,0,0
20220208-09,0,0
20220208-10,0,0
20220208-11,0,0
20220208-12,0,0
20220208-13,0,0
20220208-14,0,0
20220208-15,0,0
20220208-16,0,0
20220208-17,0,0
20220208-18,0,0
20220208-19,0,0
20220208-20,0,0
20220208-21,0,0
20220208-22,0,0
20220208-23,0,0
20220209-00,0,0
20220209-01,0,0
20220209-02,0,0
20220209-03,0,0
20220209-04,0,0
20220209-05,0,0
20220209-06,0,0
20220209-07,0,0
20220209-08,0,0
20220209-09,0,0
20220209-10,0,0
20220209-11,0,0
20220209-12,0,0
20220209-13,0,0
20220209-14,0,0
20220209-15,0,0
20220209-16,0,0
20220209-17,0,0
20220209-18,0,0
20220209-19,0,0
20220209-20,0,0
20220209-21,0,0
20220209-22,0,0
20220209-23,0,0
20220210-00,0,0
20220210-01,0,0
20220210-02,0,0
20220210-03,0,0
20220210-04,0,0
20220210-05,0,0
20220210-06,0,0
20220210-07,0,0
20220210-08,0,0
20220210-09,0,0
20220210-10,0,0
20220210-11,0,0
20220210-12,0,0
20220210-13,0,0
20220210-14,0,0
20220210-15,0,0
20220210-16,0,0
20220210-17,0,0
20220210-18,0,0
20220210-19,0,0
20220210-20,0,0
20220210-21,0,0
20220210-22,0,0
20220210-23,0,0
20220211-00,0,0
20220211-01,0,0
20220211-02,0,0
20220211-03,0,0
20220211-04,0,0
20220211-05,0,0
20220211-06,0,0
20220211-07,0,0
20220211-08,0,0
20220211-09,0,0
20220211-10,0,0
20220211-11,0,0
20220211-12,0,0
20220211-13,0,0
20220211-14,0,0
20220211-15,0,0
20220211-16,0,0
20220211-17,0,0
20220211-18,0,0
20220211-19,0,0
20220211-20,0,0
20220211-21,0,0
20220211-22,0,0
20220211-23,0,0
20220212-00,0,0
20220212-01,0,0
20220212-02,0,0
20220212-03,0,0
20220212-04,0,0
20220212-05,0,0
20220212-06,0,0
20220212-07,0,0
20220212-08,0,0
20220212-09,0,0
20220212-10,0,0
20220212-11,0,0
20220212-12,0,0
20220212-13,0,0
20220212-14,0,0
20220212-15,0,0
20220212-16,0,0
20220212-17,0,0
20220212-18,0,0
20220212-19,0,0
20220212-20,0,0
20220212-21,0,0
20220212-22,0,0
20220212-23,0,0
20220213-00,0,0
20220213-01,0,0
20220213-02,0,0
20220213-03,0,0
20220213-04,0,0
20220213-05,0,0
20220213-06,0,0
20220213-07,0,0
20220213-08,0,0
20220213-09,0,0
20220213-10,0,0
20220213-11,0,0
20220213-12,0,0
20220213-13,0,0
20220213-14,0,0
20220213-15,0,0
20220213-16,0,0
20220213-17,0,0
20220213-18,0,0
20220213-19,0,0
20220213-20,0,0
20220213-21,0,0
20220213-22,0,0
20220213-23,0,0
20220214-00,0,0
20220214-01,0,0
20220214-02,0,0
20220214-03,0,0
20220214-04,0,0
20220214-05,0,0
20220214-06,0,0
20220214-07,0,0
20220214-08,0,0
20220214-09,0,0
20220214-10,0,0
20220214-11,0,0
20220214-12,0,0
20220214-13,0,0
20220214-14,0,0
20220214-15,0,0
20220214-16,0,0
20220214-17,0,0
20220214-18,0,0
20220214-19,0,0
20220214-20,0,0
20220214-21,0,0
20220214-22,0,0
20220214-23,0,0
20220215-00,0,0
20220215-01,0,0
20220215-02,0,0
20220215-03,0,0
20220215-04,0,0
20220215-05,0,0
20220215-06,0,0
20220215-07,0,0
20220215-08,0,0
20220215-09,0,0
20220215-10,0,0
20220215-11,0,0
20220215-12,0,0
20220215-13,0,0
20220215-14,0,0
20220215-15,0,0
20220215-16,0,0
20220215-17,0,0
20220215-18,0,0
20220215-19,0,0
20220215-20,0,0
20220215-21,0,0
20220215-22,0,0
20220215-23,0,0
20220216-00,0,0
20220216-01,0,0
20220216-02,0,0
20220216-03,0,0
20220216-04,0,0
20220216-05,0,0
20220216-06,0,0
20220216-07,0,0
20220216-08,0,0
20220216-09,0,0
20220216-10,0,0
20220216-11,0,0
20220216-12,0,0
20220216-13,0,0
20220216-14,0,0
20220216-15,0,0
20220216-16,0,0
20220216-17,0,0
20220216-18,0,0
20220216-19,0,0
20220216-20,0,0
20220216-21,0,0
20220216-22,0,0
20220216-23,0,0
20220217-00,0,0
20220217-01,0,0
20220217-02,0,0
20220217-03,0,0
20220217-04,0,0
20220217-05,0,0
20220217-06,0,0
20220217-07,0,0
20220217-08,0,0
20220217-09,0,0
20220217-10,0,0
20220217-11,0,0
20220217-12,0,0
20220217-13,0,0
20220217-14,0,0
20220217-15,0,0
20220217-16,0,0
20220217-17,0,0
20220217-18,0,0
20220217-19,0,0
20220217-20,0,0
20220217-21,0,0
20220217-22,0,0
20220217-23,0,0
20220218-00,0,0
20220218-01,0,0
20220218-02,0,0
20220218-03,0,0
20220218-04,0,0
20220218-05,0,0
20220218-06,0,0
20220218-07,0,0
20220218-08,0,0
20220218-09,0,0
20220218-10,0,0
20220218-11,0,0
20220218-12,0,0
20220218-13,0,0
20220218-14,0,0
20220218-15,0,0
20220218-16,0,0
20220218-17,0,0
20220218-18,0,0
20220218-19,0,0
20220218-20,0,0
20220218-21,0,0
20220218-22,0,0
20220218-23,0,0
20220219-00,0,0
20220219-01,0,0
20220219-02,0,0
20220219-03,0,0
20220219-04,0,0
20220219-05,0,0
20220219-06,0,0
20220219-07,0,0
20220219-08,0,0
20220219-09,0,0
20220219-10,0,0
20220219-11,0,0
20220219-12,0,0
20220219-13,0,0
20220219-14,0,0
20220219-15,0,0
20220219-16,0,0
20220219-17,0,0
20220219-18,0,0
20220219-19,0,0
20220219-20,0,0
20220219-21,0,0
20220219-22,0,0
20220219-23,0,0
20220220-00,0,0
20220220-01,0,0
20220220-02,0,0
20220220-03,0,0
20220220-04,0,0
20220220-05,0,0
20220220-06,0,0
20220220-07,0,0
20220220-08,0,0
20220220-09,0,0
20220220-10,0,0
20220220-11,0,0
20220220-12,0,0
20220220-13,0,0
20220220-14,0,0
20220220-15,0,0
20220220-16,0,0
20220220-17,0,0
20220220-18,0,0
20220220-19,0,0
20220220-20,0,0
20220220-21,0,0
20220220-22,0,0
20220220-23,0,0
20220221-00,0,0
20220221-01,0,0
20220221-02,0,0
20220221-03,0,0
20220221-04,0,0
20220221-05,0,0
20220221-06,0,0
20220221-07,0,0
20220221-08,0,0
20220221-09,0,0
20220221-10,0,0
20220221-11,0,0
20220221-12,0,0
20220221-13,0,0
20220221-14,0,0
20220221-15,0,0
20220221-16,0,0
20220221-17,0,0
20220221-18,0,0
20220221-19,0,0
20220221-20,0,0
20220221-21,0,0
20220221-22,0,0
20220221-23,0,0
20220222-00,0,0
20220222-01,0,0
20220222-02,0,0
20220222-03,0,0
20220222-04,0,0
20220222-05,0,0
20220222-06,0,0
20220222-07,0,0
20220222-08,2441369,299
20220222-09,0,0
20220222-10,2440771,299
20220222-11,2446316,297
20220222-12,2436308,295
20220222-13,2443546,296
20220222-14,2445054,296
20220222-15,2449412,299
20220222-16,0,0
20220222-17,2440014,296
20220222-18,2444616,295
20220222-19,2434155,299
20220222-20,0,0
20220222-21,0,0
20220222-22,2446378,298
20220222-23,0,0
20220223-00,0,0
20220223-01,2448155,296
20220223-02,2499291,299
20220223-03,2440049,297
20220223-04,0,0
20220223-05,2446751,299
20220223-06,2448929,299
20220223-07,0,0
20220223-08,2451663,298
20220223-09,0,0
20220223-10,0,0
20220223-11,2446311,296
20220223-12,2444122,299
20220223-13,2448217,297
20220223-14,2439317,298
20220223-15,0,0
20220223-16,2448105,299
20220223-17,0,0
20220223-18,0,0
20220223-19,0,0
20220223-20,0,0
20220223-21,2455369,298
20220223-22,0,0
20220223-23,2443622,299
20220224-00,0,0
20220224-01,2470147,298
20220224-02,0,0
20220224-03,0,0
20220224-04,0,0
20220224-05,2443437,299
20220224-06,0,0
20220224-07,2451111,299
20220224-08,2440365,299
20220224-09,0,0
20220224-10,0,0
20220224-11,0,0
20220224-12,0,0
20220224-13,0,0
20220224-14,0,0
20220224-15,0,0
20220224-16,0,0
20220224-17,2445762,298
20220224-18,2441305,298
20220224-19,0,0
20220224-20,0,0
20220224-21,2425442,298
20220224-22,2427004,298
20220224-23,2437398,298
20220225-00,2428302,299
20220225-01,2415803,298
20220225-02,0,0
20220225-03,0,0
20220225-04,0,0
20220225-05,0,0
20220225-06,2422440,298
20220225-07,2415268,298
20220225-08,0,0
20220225-09,2421009,299
20220225-10,2428061,297
20220225-11,0,0
20220225-12,2421395,299
20220225-13,2415856,298
20220225-14,1766131,278
20220225-15,0,0
20220225-16,0,0
20220225-17,1774332,277
20220225-18,1773163,279
20220225-19,0,0
20220225-20,0,0
20220225-21,1808648,275
20220225-22,1810086,279
20220225-23,1808710,279
20220226-00,0,0
20220226-01,1810386,275
20220226-02,0,0
20220226-03,0,0
20220226-04,1810986,277
20220226-05,0,0
20220226-06,1816823,278
20220226-07,0,0
20220226-08,0,0
20220226-09,1807371,278
20220226-10,1804384,279
20220226-11,1807692,279
20220226-12,0,0
20220226-13,0,0
20220226-14,0,0
20220226-15,0,0
20220226-16,1808044,279
20220226-17,0,0
20220226-18,1812359,277
20220226-19,1814759,279
20220226-20,0,0
20220226-21,0,0
20220226-22,1812066,279
20220226-23,0,0
20220227-00,0,0
20220227-01,1813741,278
20220227-02,1814313,277
20220227-03,1833225,278
20220227-04,1814304,278
20220227-05,1803468,278
20220227-06,1807695,279
20220227-07,1809302,279
20220227-08,1799932,279
20220227-09,1815523,279
20220227-10,1805781,278
20220227-11,1815447,279
20220227-12,1807556,278
20220227-13,1809581,279
20220227-14,1808664,279
20220227-15,1811850,279
20220227-16,1805757,277
20220227-17,1806046,275
20220227-18,1804212,277
20220227-19,1797776,278
20220227-20,0,0
20220227-21,0,0
20220227-22,1811277,279
20220227-23,1815206,278
20220228-00,1812794,275
20220228-01,1775971,279
20220228-02,1803828,276
20220228-03,1796274,279
20220228-04,1801548,279
20220228-05,1802923,277
20220228-06,1821351,279
20220228-07,1774878,277
20220228-08,1803277,278
20220228-09,1796754,277
20220228-10,1823302,279
20220228-11,1806055,279
20220228-12,1801658,279
20220228-13,1790954,279
20220228-14,1804935,275
20220228-15,1803251,277
20220228-16,1800389,278
20220228-17,1801941,277
20220228-18,1818587,279
20220228-19,1802685,277
20220228-20,0,0
20220228-21,0,0
20220228-22,1811828,279
20220228-23,1896083,278
20220301-00,1914676,279
20220301-01,1888937,277
20220301-02,1931362,279
20220301-03,1941019,275
20220301-04,1938216,279
20220301-05,1937544,277
20220301-06,1937138,279
20220301-07,1920082,279
20220301-08,1939403,279
20220301-09,1937262,279
20220301-10,2007922,279
20220301-11,2007051,279
20220301-12,2011740,278
20220301-13,1987924,279
20220301-14,2014455,278
20220301-15,2005262,279
20220301-16,2011086,279
20220301-17,2002526,279
20220301-18,2005064,279
20220301-19,2023141,279
20220301-20,0,0
20220301-21,0,0
20220301-22,2007147,278
20220301-23,1919149,279
20220302-00,1908005,278
20220302-01,1859243,279
20220302-02,1860360,278
20220302-03,1849838,278
20220302-04,1863731,279
20220302-05,1826095,274
20220302-06,1839476,279
20220302-07,1851746,279
20220302-08,1848329,278
20220302-09,1845932,279
20220302-10,1809259,278
20220302-11,1798026,277
20220302-12,1804588,279
20220302-13,1797459,277
20220302-14,1796619,279
20220302-15,1798980,279
20220302-16,1803692,279
20220302-17,1798712,278
20220302-18,1798934,277
20220302-19,1786221,277
20220302-20,0,0
20220302-21,0,0
20220302-22,1820965,279
20220302-23,1824498,279
20220303-00,1830704,276
20220303-01,1807042,279
20220303-02,0,0
20220303-03,0,0
20220303-04,1808772,279
20220303-05,1807662,279
20220303-06,1765760,279
20220303-07,1804721,279
20220303-08,1798438,278
20220303-09,1808912,279
20220303-10,0,0
20220303-11,0,0
20220303-12,1800366,279
20220303-13,1810378,279
20220303-14,1801394,279
20220303-15,1800329,279
20220303-16,1806380,279
20220303-17,1805869,278
20220303-18,1807187,279
20220303-19,1789155,278
20220303-20,0,0
20220303-21,0,0
20220303-22,1821667,279
20220303-23,1831842,279
20220304-00,1821072,279
20220304-01,1799943,277
20220304-02,1820047,279
20220304-03,1817931,278
20220304-04,1812276,278
20220304-05,1811802,279
20220304-06,1812526,279
20220304-07,1823080,279
20220304-08,1807147,279
20220304-09,1809304,279
20220304-10,1816446,278
20220304-11,1815964,276
20220304-12,1817223,275
20220304-13,1816617,278
20220304-14,1808227,279
20220304-15,1803455,276
20220304-16,1812988,279
20220304-17,1808947,279
20220304-18,1808652,279
20220304-19,1806841,279
20220304-20,0,0
20220304-21,0,0
20220304-22,1823291,279
20220304-23,1821911,277
20220305-00,1828787,278
20220305-01,1801752,279
20220305-02,1830147,278
20220305-03,1829948,277
20220305-04,1823040,276
20220305-05,1815710,279
20220305-06,1818991,278
20220305-07,1827220,279
20220305-08,1822542,279
20220305-09,1812396,278
20220305-10,1816855,276
20220305-11,1824999,278
20220305-12,1826242,279
20220305-13,1812735,279
20220305-14,1815416,277
20220305-15,1829519,277
20220305-16,1831798,277
20220305-17,1824828,278
20220305-18,1825027,278
20220305-19,1820760,279
20220305-20,0,0
20220305-21,0,0
20220305-22,1821248,278
20220305-23,1821050,278
20220306-00,1829636,276
20220306-01,1827820,279
20220306-02,1825627,279
20220306-03,1823946,278
20220306-04,1818744,278
20220306-05,1826447,277
20220306-06,1831029,279
20220306-07,1823745,276
20220306-08,1820016,279
20220306-09,1818966,279
20220306-10,1833121,278
20220306-11,1829244,279
20220306-12,1814987,279
20220306-13,1822057,279
20220306-14,1812874,279
20220306-15,1813200,275
20220306-16,1811751,277
20220306-17,1814570,278
20220306-18,1822248,277
20220306-19,1819173,275
20220306-20,0,0
20220306-21,0,0
20220306-22,1821433,279
20220306-23,1817182,277
20220307-00,1820750,278
20220307-01,1800011,279
20220307-02,1810948,279
20220307-03,1811853,279
20220307-04,1806247,279
20220307-05,1802728,275
20220307-06,1805510,279
20220307-07,1810582,279
20220307-08,1811312,277
20220307-09,1808236,279
20220307-10,1805283,279
20220307-11,1809747,279
20220307-12,1806758,278
20220307-13,1808693,279
20220307-14,1812534,277
20220307-15,1801982,279
20220307-16,1813864,279
20220307-17,1809430,279
20220307-18,1809478,277
20220307-19,1807230,279
20220307-20,0,0
20220307-21,0,0
20220307-22,1829197,279
20220307-23,1824545,279
20220308-00,1827626,279
20220308-01,1787700,276
20220308-02,1810848,279
20220308-03,1807857,278
20220308-04,1803339,277
20220308-05,1808227,279
20220308-06,1810755,278
20220308-07,1807065,277
20220308-08,1807620,279
20220308-09,1809874,279
20220308-10,1816189,279
20220308-11,1812267,279
20220308-12,1813729,278
20220308-13,1818902,279
20220308-14,1811519,275
20220308-15,1806828,274
20220308-16,1821905,275
20220308-17,1815771,277
20220308-18,1810081,279
20220308-19,1803776,279
20220308-20,1819255,279
20220308-21,1830672,277
20220308-22,1820879,276
20220308-23,0,0
20220309-00,1827286,279
20220309-01,1786270,278
20220309-02,1816452,279
20220309-03,1812611,279
20220309-04,1819741,278
20220309-05,1807764,278
20220309-06,1805068,279
20220309-07,1814723,277
20220309-08,1818717,276
20220309-09,1810537,277
20220309-10,1818805,279
20220309-11,1809338,279
20220309-12,1811931,278
20220309-13,1823122,279
20220309-14,1810390,276
20220309-15,1812881,277
20220309-16,1818098,277
20220309-17,1814428,276
20220309-18,1840498,277
20220309-19,1845264,278
20220309-20,1760484,279
20220309-21,1677333,276
20220309-22,1669052,278
20220309-23,1733519,278
20220310-00,1734804,279
20220310-01,1710731,279
20220310-02,1729868,278
20220310-03,1723292,278
20220310-04,1732008,277
20220310-05,1722213,278
20220310-06,1722040,279
20220310-07,1719310,279
20220310-08,1723750,277
20220310-09,1729763,279
20220310-10,1729874,278
20220310-11,1727748,278
20220310-12,1733775,277
20220310-13,1726839,277
20220310-14,1718527,279
20220310-15,1720214,277
20220310-16,1726638,278
20220310-17,1733045,279
20220310-18,1725720,278
20220310-19,1734305,277
20220310-20,1803960,279
20220310-21,1827115,279
20220310-22,1827480,279
20220310-23,1826516,278
20220311-00,1838965,279
20220311-01,1793905,279
20220311-02,1807153,279
20220311-03,1806882,278
20220311-04,1813214,279
20220311-05,1811524,279
20220311-06,1810122,279
20220311-07,1806577,275
20220311-08,1814820,278
20220311-09,1798585,279
20220311-10,1812181,278
20220311-11,1806560,279
20220311-12,1811144,278
20220311-13,1802830,279
20220311-14,1803942,279
20220311-15,1810999,278
20220311-16,1815958,274
20220311-17,1811080,278
20220311-18,1826922,278
20220311-19,1810024,276
20220311-20,1801634,279
20220311-21,1750384,279
20220311-22,1754224,279
20220311-23,1754849,279
20220312-00,1762075,277
20220312-01,1736217,278
20220312-02,1760748,279
20220312-03,1765909,279
20220312-04,1751164,279
20220312-05,1757128,276
20220312-06,1741395,274
20220312-07,1748753,277
20220312-08,1740759,275
20220312-09,1736060,279
20220312-10,1745028,278
20220312-11,1753257,279
20220312-12,1743289,279
20220312-13,1746654,277
20220312-14,1739477,275
20220312-15,1744530,277
20220312-16,1739970,276
20220312-17,1740255,277
20220312-18,1752037,279
20220312-19,1739498,278
20220312-20,1725224,279
20220312-21,1826154,274
20220312-22,1829015,278
20220312-23,1824770,278
20220313-00,1819118,277
20220313-01,1825205,279
20220313-02,1828300,278
20220313-03,1820674,276
20220313-04,1823143,278
20220313-05,1835053,279
20220313-06,1826843,279
20220313-07,1822931,279
20220313-08,1817057,278
20220313-09,1803203,279
20220313-10,1815876,279
20220313-11,1815319,279
20220313-12,1816405,279
20220313-13,1822455,279
20220313-14,1818570,279
20220313-15,1829817,276
20220313-16,1825264,279
20220313-17,1820786,278
20220313-18,1821705,279
20220313-19,1822744,276
20220313-20,1814217,279
20220313-21,1821419,277
20220313-22,1825291,277
20220313-23,1822529,278
20220314-00,1826807,279
20220314-01,1799170,279
20220314-02,1812975,279
20220314-03,1815715,278
20220314-04,1811627,278
20220314-05,1812967,279
20220314-06,1809795,276
20220314-07,1809409,279
20220314-08,1805036,279
20220314-09,1815866,277
20220314-10,1813189,279
20220314-11,1813623,279
20220314-12,1812432,277
20220314-13,1809819,278
20220314-14,1814228,279
20220314-15,1809757,276
20220314-16,1815034,279
20220314-17,1813851,278
20220314-18,1813241,278
20220314-19,1802226,279
20220314-20,1802428,279
20220314-21,1827773,276
20220314-22,1822085,278
20220314-23,1830859,276
20220315-00,1830336,277
20220315-01,1808011,277
20220315-02,1816216,277
20220315-03,1811728,278
20220315-04,1819946,276
20220315-05,1813232,279
20220315-06,1818102,277
20220315-07,1760194,277
20220315-08,1818787,277
20220315-09,1820538,279
20220315-10,1817879,278
20220315-11,1835578,279
20220315-12,1825248,278
20220315-13,1830950,279
20220315-14,1812164,278
20220315-15,1812399,276
20220315-16,1815930,277
20220315-17,1817504,279
20220315-18,1814823,279
20220315-19,1801014,277
20220315-20,1819282,278
20220315-21,1826580,276
20220315-22,1821959,279
20220315-23,1815981,279
20220316-00,1835149,278
20220316-01,1801594,278
20220316-02,1817633,279
20220316-03,1796043,279
20220316-04,1816465,279
20220316-05,1821236,279
20220316-06,1808307,277
20220316-07,1820091,278
20220316-08,1819545,276
20220316-09,1816837,279
20220316-10,1816410,279
20220316-11,1821856,277
20220316-12,1814865,277
20220316-13,1806841,279
20220316-14,1815515,279
20220316-15,0,0
20220316-16,1805434,276
20220316-17,1814789,279
20220316-18,0,0
20220316-19,0,0
20220316-20,0,0
20220316-21,0,0
20220316-22,0,0
20220316-23,1831269,278
20220317-00,1827812,278
20220317-01,1802356,278
20220317-02,1818348,278
20220317-03,1813080,279
20220317-04,1819377,278
20220317-05,1807251,280
20220317-06,1814482,280
20220317-07,1822191,279
20220317-08,1818887,280
20220317-09,1813462,280
20220317-10,1815040,279
20220317-11,1817291,280
20220317-12,1813018,278
20220317-13,1828178,280
20220317-14,1816125,279
20220317-15,1817323,274
20220317-16,1826084,277
20220317-17,1831926,279
20220317-18,1819754,279
20220317-19,1810794,279
20220317-20,1824920,279
20220317-21,1825398,278
20220317-22,1838572,280
20220317-23,1828328,279
20220318-00,1841402,280
20220318-01,1795967,280
20220318-02,1819158,280
20220318-03,1811088,277
20220318-04,1820105,280
20220318-05,1825488,280
20220318-06,1826670,278
20220318-07,1823383,279
20220318-08,1820228,280
20220318-09,1839919,279
20220318-10,1821716,280
20220318-11,1825790,280
20220318-12,1819196,280
20220318-13,1821985,280
20220318-14,1814712,280
20220318-15,1823620,278
20220318-16,1827304,279
20220318-17,1814306,279
20220318-18,1815086,280
20220318-19,1802685,279
20220318-20,1830252,278
20220318-21,1838086,280
20220318-22,1833589,280
20220318-23,1831312,280
20220319-00,1832485,279
20220319-01,1830725,279
20220319-02,1847817,278
20220319-03,1830353,279
20220319-04,1836402,280
20220319-05,1822027,278
20220319-06,1837504,280
20220319-07,1796488,278
20220319-08,1839424,275
20220319-09,0,0
20220319-10,1821489,280
20220319-11,1828922,278
20220319-12,1836569,280
20220319-13,1832062,278
20220319-14,1831931,280
20220319-15,0,0
20220319-16,0,0
20220319-17,0,0
20220319-18,1829074,278
20220319-19,1821712,280
20220319-20,1831381,280
20220319-21,0,0
20220319-22,1835065,280
20220319-23,1830981,280
20220320-00,1824961,280
20220320-01,1832228,280
20220320-02,1837088,279
20220320-03,1828990,278
20220320-04,1834455,279
20220320-05,1836820,280
20220320-06,1828134,280
20220320-07,1830211,280
20220320-08,1837708,279
20220320-09,1810826,280
20220320-10,1828000,279
20220320-11,1833155,280
20220320-12,1825334,280
20220320-13,0,0
20220320-14,1826516,280
20220320-15,0,0
20220320-16,1828828,280
20220320-17,1836131,280
20220320-18,1823153,280
20220320-19,1823430,279
20220320-20,1827968,278
20220320-21,0,0
20220320-22,0,0
20220320-23,1829951,279
20220321-00,1833818,279
20220321-01,1819827,280
20220321-02,1822434,279
20220321-03,1829158,280
20220321-04,1824205,280
20220321-05,1822262,279
20220321-06,1817790,279
20220321-07,1830956,279
20220321-08,1822632,280
20220321-09,1816593,279
20220321-10,0,0
20220321-11,1820643,280
20220321-12,0,0
20220321-13,1822495,280
20220321-14,1821889,278
20220321-15,1819904,279
20220321-16,1825214,279
20220321-17,1817492,278
20220321-18,1820032,280
20220321-19,1808337,279
20220321-20,1831741,279
20220321-21,1846195,280
20220321-22,1836433,280
20220321-23,1840759,280
20220322-00,1844777,280
20220322-01,1797118,280
20220322-02,0,0
20220322-03,1821414,278
20220322-04,1826815,278
20220322-05,1816406,279
20220322-06,1822749,280
20220322-07,1836016,279
20220322-08,1824804,279
20220322-09,0,0
20220322-10,0,0
20220322-11,1821086,278
20220322-12,0,0
20220322-13,0,0
20220322-14,0,0
20220322-15,1820935,278
20220322-16,1826286,279
20220322-17,0,0
20220322-18,1821324,279
20220322-19,1823104,280
20220322-20,0,0
20220322-21,0,0
20220322-22,1836707,278
20220322-23,1840018,280
20220323-00,1838309,280
20220323-01,0,0
20220323-02,1832653,279
20220323-03,0,0
20220323-04,0,0
20220323-05,0,0
20220323-06,1818443,279
20220323-07,0,0
20220323-08,0,0
20220323-09,0,0
20220323-10,1815933,280
20220323-11,1822739,278
20220323-12,0,0
20220323-13,0,0
20220323-14,1816915,280
20220323-15,1825075,279
20220323-16,1823448,279
20220323-17,1814719,279
20220323-18,1819002,279
20220323-19,1814447,279
20220323-20,0,0
20220323-21,0,0
20220323-22,0,0
20220323-23,0,0
20220324-00,0,0
20220324-01,0,0
20220324-02,0,0
20220324-03,0,0
20220324-04,0,0
20220324-05,0,0
20220324-06,0,0
20220324-07,0,0
20220324-08,0,0
20220324-09,0,0
20220324-10,0,0
20220324-11,0,0
20220324-12,0,0
20220324-13,0,0
20220324-14,0,0
20220324-15,0,0
20220324-16,0,0
20220324-17,0,0
20220324-18,0,0
20220324-19,0,0
20220324-20,0,0
20220324-21,0,0
20220324-22,0,0
20220324-23,0,0
20220325-00,0,0
20220325-01,0,0
20220325-02,0,0
20220325-03,0,0
20220325-04,0,0
20220325-05,0,0
20220325-06,0,0
20220325-07,0,0
20220325-08,0,0
20220325-09,0,0
20220325-10,0,0
20220325-11,0,0
20220325-12,0,0
20220325-13,0,0
20220325-14,0,0
20220325-15,0,0
20220325-16,0,0
20220325-17,1829940,280
20220325-18,1819948,279
20220325-19,0,0
20220325-20,1746349,280
20220325-21,1762441,280
20220325-22,0,0
20220325-23,1760248,278
20220326-00,1770672,280
20220326-01,1757968,280
20220326-02,0,0
20220326-03,1764783,279
20220326-04,1759090,280
20220326-05,1751138,279
20220326-06,1761319,279
20220326-07,1756941,280
20220326-08,1744711,280
20220326-09,0,0
20220326-10,0,0
20220326-11,1754279,280
20220326-12,1757992,280
20220326-13,1745536,278
20220326-14,1757772,279
20220326-15,1768553,280
20220326-16,0,0
20220326-17,1761721,279
20220326-18,0,0
20220326-19,1757054,280
20220326-20,1837681,280
20220326-21,1844965,278
20220326-22,1829591,279
20220326-23,1841901,280
20220327-00,1839476,280
20220327-01,1837640,280
20220327-02,1845351,279
20220327-03,1843070,278
20220327-04,1834985,280
20220327-05,1844546,280
20220327-06,0,0
20220327-07,0,0
20220327-08,0,0
20220327-09,1833562,280
20220327-10,1836549,278
20220327-11,1828548,280
20220327-12,0,0
20220327-13,1834976,280
20220327-14,0,0
20220327-15,0,0
20220327-16,1838070,278
20220327-17,0,0
20220327-18,1837955,280
20220327-19,1826221,280
20220327-20,1837429,280
20220327-21,0,0
20220327-22,1834841,279
20220327-23,1835078,279
20220328-00,1827116,278
20220328-01,1827445,279
20220328-02,1828042,279
20220328-03,1820550,280
20220328-04,0,0
20220328-05,0,0
20220328-06,1007579,263
20220328-07,1128509,269
20220328-08,0,0
20220328-09,0,0
20220328-10,926691,258
20220328-11,1829132,280
20220328-12,1833159,280
20220328-13,1832403,281
20220328-14,1832075,281
20220328-15,1824872,281
20220328-16,0,0
20220328-17,1827818,281
20220328-18,1824345,281
20220328-19,1831155,280
20220328-20,1839176,281
20220328-21,1851824,281
20220328-22,1838048,281
20220328-23,0,0
20220329-00,1829871,281
20220329-01,1828379,281
20220329-02,1773870,266
20220329-03,1637404,259
20220329-04,1818065,268
20220329-05,1817138,281
20220329-06,1821016,281
20220329-07,0,0
20220329-08,1821192,281
20220329-09,1815494,281
20220329-10,1829783,281
20220329-11,1831310,281
20220329-12,1816695,281
20220329-13,0,0
20220329-14,1823084,281
20220329-15,1826570,281
20220329-16,1824607,281
20220329-17,1827419,281
20220329-18,1821902,281
20220329-19,1812608,281
20220329-20,1837549,281
20220329-21,1842409,281
20220329-22,1834042,281
20220329-23,1837844,281
20220330-00,1819096,281
20220330-01,1829222,281
20220330-02,1825941,281
20220330-03,1825031,281
20220330-04,1814030,281
20220330-05,1832998,281
20220330-06,1824912,281
20220330-07,1833140,281
20220330-08,1829798,281
20220330-09,1817651,281
20220330-10,1833800,281
20220330-11,1819915,281
20220330-12,1809193,281
20220330-13,1827631,281
20220330-14,1827513,281
20220330-15,1840039,280
20220330-16,1840510,280
20220330-17,1841384,281
20220330-18,1835893,281
20220330-19,1841270,281
20220330-20,1839001,281
20220330-21,1850770,281
20220330-22,1838750,281
20220330-23,1842528,281
20220331-00,1821895,281
20220331-01,1824094,281
20220331-02,1832579,281
20220331-03,1822589,281
20220331-04,1833747,281
20220331-05,0,0
20220331-06,0,0
20220331-07,1821534,281
20220331-08,1832314,281
20220331-09,1831083,281
20220331-10,1833896,281
20220331-11,535,1
20220331-12,1740288,281
20220331-13,0,0
20220331-14,1829289,281
20220331-15,1843711,281
20220331-16,1832004,281
20220331-17,1829557,281
20220331-18,1827554,281
20220331-19,1829868,281
20220331-20,1842447,281
20220331-21,1850460,281
20220331-22,1922188,281
20220331-23,1932450,281
20220401-00,1945824,281
20220401-01,1946544,281
20220401-02,1954111,281
20220401-03,1970475,281
20220401-04,1972360,281
20220401-05,1966154,281
20220401-06,1973328,281
20220401-07,1968246,281
20220401-08,1976383,281
20220401-09,1930441,281
20220401-10,1991604,281
20220401-11,2032595,281
20220401-12,2036308,281
20220401-13,2041839,281
20220401-14,2034494,281
20220401-15,2041792,281
20220401-16,2029335,281
20220401-17,2033484,281
20220401-18,2024096,281
20220401-19,2014118,281
20220401-20,2020656,281
20220401-21,2040727,281
20220401-22,1947290,281
20220401-23,1934035,281
20220402-00,1899011,281
20220402-01,1934753,281
20220402-02,1909780,281
20220402-03,1902959,281
20220402-04,1894577,281
20220402-05,1893639,281
20220402-06,0,0
20220402-07,0,0
20220402-08,0,0
20220402-09,0,0
20220402-10,0,0
20220402-11,0,0
20220402-12,0,0
20220402-13,0,0
20220402-14,0,0
20220402-15,0,0
20220402-16,0,0
20220402-17,0,0
20220402-18,0,0
20220402-19,0,0
20220402-20,0,0
20220402-21,0,0
20220402-22,0,0
20220402-23,0,0
20220403-00,0,0
20220403-01,0,0
20220403-02,0,0
20220403-03,0,0
20220403-04,0,0
20220403-05,0,0
20220403-06,0,0
20220403-07,0,0
20220403-08,0,0
20220403-09,0,0
20220403-10,0,0
20220403-11,0,0
20220403-12,0,0
20220403-13,0,0
20220403-14,0,0
20220403-15,0,0
20220403-16,0,0
20220403-17,0,0
20220403-18,0,0
20220403-19,0,0
20220403-20,0,0
20220403-21,0,0
20220403-22,0,0
20220403-23,0,0
20220404-00,0,0
20220404-01,0,0
20220404-02,0,0
20220404-03,0,0
20220404-04,0,0
20220404-05,0,0
20220404-06,0,0
20220404-07,0,0
20220404-08,0,0
20220404-09,0,0
20220404-10,0,0
20220404-11,0,0
20220404-12,0,0
20220404-13,1829277,281
20220404-14,1821563,281
20220404-15,1812269,281
20220404-16,1817388,281
20220404-17,1827331,281
20220404-18,1834707,281
20220404-19,1820469,281
20220404-20,1847862,281
20220404-21,1855365,281
20220404-22,1856214,281
20220404-23,1847857,281
20220405-00,1858162,281
20220405-01,1819273,281
20220405-02,1844958,281
20220405-03,1836950,281
20220405-04,1835109,281
20220405-05,1835283,281
20220405-06,1833715,281
20220405-07,1833026,281
20220405-08,1823480,281
20220405-09,1835050,281
20220405-10,1827571,281
20220405-11,0,0
20220405-12,1829453,281
20220405-13,0,0
20220405-14,0,0
20220405-15,1829520,281
20220405-16,1827520,281
20220405-17,1837059,281
20220405-18,1838885,281
20220405-19,1825521,281
20220405-20,1848401,281
20220405-21,1855995,281
20220405-22,1864803,281
20220405-23,1849256,281
20220406-00,1853124,281
20220406-01,1832428,281
20220406-02,1839656,281
20220406-03,1831394,281
20220406-04,1835916,281
20220406-05,1832976,281
20220406-06,1826750,281
20220406-07,0,0
20220406-08,1825973,281
20220406-09,1815753,281
20220406-10,1826944,281
20220406-11,1831152,281
20220406-12,1839804,281
20220406-13,1836949,281
20220406-14,1832703,281
20220406-15,1841035,281
20220406-16,1827488,281
20220406-17,1822647,281
20220406-18,1825334,281
20220406-19,1842473,281
20220406-20,1835669,281
20220406-21,0,0
20220406-22,1849383,281
20220406-23,1846946,281
20220407-00,1841114,281
20220407-01,1826956,281
20220407-02,0,0
20220407-03,1830302,281
20220407-04,1836160,281
20220407-05,1829802,281
20220407-06,1847002,281
20220407-07,1834272,281
20220407-08,1855265,281
20220407-09,1837437,281
20220407-10,1826405,281
20220407-11,1825681,281
20220407-12,1811621,281
20220407-13,1820191,281
20220407-14,1811471,281
20220407-15,1828870,281
20220407-16,1821838,281
20220407-17,1820597,281
20220407-18,1821589,281
20220407-19,1810436,281
20220407-20,1831395,281
20220407-21,1834864,281
20220407-22,1840143,281
20220407-23,1828901,281
20220408-00,1822657,281
20220408-01,1814911,281
20220408-02,1822241,281
20220408-03,1817165,281
20220408-04,1817069,281
20220408-05,1827316,281
20220408-06,1834442,281
20220408-07,1819392,281
20220408-08,1817638,281
20220408-09,1820001,281
20220408-10,1827285,281
20220408-11,1812064,281
20220408-12,1817371,281
20220408-13,1826085,281
20220408-14,1819409,281
20220408-15,1824109,281
20220408-16,1821158,281
20220408-17,1815845,281
20220408-18,1826916,281
20220408-19,1817557,281
20220408-20,1834592,281
20220408-21,1833632,281
20220408-22,1838881,281
20220408-23,1831946,281
20220409-00,1817592,281
20220409-01,1843607,281
20220409-02,1834204,281
20220409-03,1830664,281
20220409-04,1834420,281
20220409-05,1848487,281
20220409-06,1830744,281
20220409-07,1827253,281
20220409-08,1831365,281
20220409-09,1839294,281
20220409-10,1836634,281
20220409-11,1819587,281
20220409-12,1825497,281
20220409-13,1826059,281
20220409-14,1825500,281
20220409-15,1827121,281
20220409-16,1830881,281
20220409-17,1829541,281
20220409-18,1830591,281
20220409-19,1834852,281
20220409-20,1830634,281
20220409-21,1831246,281
20220409-22,1825084,281
20220409-23,1822013,281
20220410-00,1837803,281
20220410-01,1829964,281
20220410-02,1830795,281
20220410-03,1836146,281
20220410-04,1827019,281
20220410-05,1823443,281
20220410-06,1826530,281
20220410-07,1815480,281
20220410-08,1837583,281
20220410-09,1828442,281
20220410-10,1825686,281
20220410-11,1815316,281
20220410-12,1821314,281
20220410-13,1828014,281
20220410-14,1823989,281
20220410-15,1829614,281
20220410-16,1835456,281
20220410-17,1827474,281
20220410-18,1826953,281
20220410-19,1824429,281
20220410-20,1831651,281
20220410-21,1827870,281
20220410-22,1823810,281
20220410-23,1824898,281
20220411-00,1826904,281
20220411-01,1808168,281
20220411-02,1812719,281
20220411-03,1813350,281
20220411-04,1814127,281
20220411-05,1814374,281
20220411-06,1813501,281
20220411-07,1815210,281
20220411-08,1819061,281
20220411-09,1812758,281
20220411-10,1820037,281
20220411-11,1812001,281
20220411-12,1823489,281
20220411-13,1804559,281
20220411-14,1814723,281
20220411-15,1818225,281
20220411-16,1815186,281
20220411-17,1813213,281
20220411-18,1814110,281
20220411-19,1808511,281
20220411-20,1834222,281
20220411-21,1828874,281
20220411-22,1830736,281
20220411-23,1831198,281
20220412-00,1834787,281
20220412-01,1816858,281
20220412-02,1824162,281
20220412-03,1816688,281
20220412-04,1817294,281
20220412-05,1811456,281
20220412-06,1814773,281
20220412-07,1799052,281
20220412-08,1828553,281
20220412-09,1839397,281
20220412-10,1826110,281
20220412-11,1823935,281
20220412-12,1822815,281
20220412-13,1833921,281
20220412-14,1825688,281
20220412-15,1842269,281
20220412-16,1842738,281
20220412-17,1834140,281
20220412-18,1831762,281
20220412-19,1836318,281
20220412-20,1848624,281
20220412-21,1850403,281
20220412-22,1855642,281
20220412-23,1850888,281
20220413-00,1843826,281
20220413-01,1827948,281
20220413-02,1840171,281
20220413-03,1830481,281
20220413-04,1831823,281
20220413-05,1828806,281
20220413-06,1823919,281
20220413-07,1808591,281
20220413-08,1832883,281
20220413-09,1847712,281
20220413-10,1834113,281
20220413-11,1827687,281
20220413-12,1844678,281
20220413-13,1821233,281
20220413-14,1831880,281
20220413-15,1837871,281
20220413-16,1807253,281
20220413-17,1818969,281
20220413-18,1816048,281
20220413-19,1810286,281
20220413-20,1837199,281
20220413-21,1836660,281
20220413-22,1839178,281
20220413-23,1843168,281
20220414-00,1833547,281
20220414-01,1807700,281
20220414-02,1808921,281
20220414-03,1807905,281
20220414-04,1799573,281
20220414-05,1823454,281
20220414-06,1814509,281
20220414-07,1807834,281
20220414-08,1803460,281
20220414-09,1835094,281
20220414-10,1810530,281
20220414-11,1825730,281
20220414-12,1832809,281
20220414-13,1823833,281
20220414-14,1828439,281
20220414-15,1832228,281
20220414-16,1826879,281
20220414-17,1819309,281
20220414-18,1830915,281
20220414-19,1815381,281
20220414-20,1841777,281
20220414-21,1855923,281
20220414-22,1846071,281
20220414-23,1846983,281
20220415-00,1838797,281
20220415-01,1817307,281
20220415-02,1821884,281
20220415-03,1827378,281
20220415-04,1822798,281
20220415-05,1822670,281
20220415-06,1852372,281
20220415-07,1825870,281
20220415-08,1824307,281
20220415-09,1827917,281
20220415-10,1831361,281
20220415-11,1814680,281
20220415-12,1830995,281
20220415-13,1820924,281
20220415-14,1828928,281
20220415-15,1827955,281
20220415-16,1819340,281
20220415-17,1832322,281
20220415-18,1827210,281
20220415-19,1822210,281
20220415-20,1836821,281
20220415-21,1832483,281
20220415-22,1842961,281
20220415-23,1842253,281
20220416-00,1833766,281
20220416-01,1853537,281
20220416-02,1846893,281
20220416-03,1839758,281
20220416-04,1843550,281
20220416-05,1835647,281
20220416-06,1830681,281
20220416-07,1838482,281
20220416-08,1841280,281
20220416-09,1839209,281
20220416-10,1842436,281
20220416-11,1836867,281
20220416-12,1836856,281
20220416-13,1836246,281
20220416-14,1834140,281
20220416-15,1827420,281
20220416-16,1834828,281
20220416-17,1833216,281
20220416-18,1840142,281
20220416-19,1844696,281
20220416-20,1836495,281
20220416-21,1842465,281
20220416-22,1846633,281
20220416-23,1844527,281
20220417-00,1841324,281
20220417-01,1840175,281
20220417-02,1839452,281
20220417-03,1839451,281
20220417-04,1845049,281
20220417-05,1838751,281
20220417-06,1835197,281
20220417-07,1836579,281
20220417-08,1826064,281
20220417-09,1837356,281
20220417-10,1829354,281
20220417-11,1832540,281
20220417-12,1842273,281
20220417-13,1841564,281
20220417-14,1829260,281
20220417-15,1839655,281
20220417-16,1840809,281
20220417-17,1839274,281
20220417-18,1834755,281
20220417-19,1835845,281
20220417-20,1832255,281
20220417-21,1755037,281
20220417-22,1750945,281
20220417-23,1769959,281
20220418-00,1754911,281
20220418-01,1733812,281
20220418-02,1740998,281
20220418-03,1740047,281
20220418-04,1736132,281
20220418-05,1739247,281
20220418-06,1743487,281
20220418-07,1745287,281
20220418-08,1754282,281
20220418-09,1759485,281
20220418-10,1757085,281
20220418-11,1744221,281
20220418-12,1763284,281
20220418-13,1756516,281
20220418-14,1758148,281
20220418-15,1765116,281
20220418-16,1762765,281
20220418-17,1759466,281
20220418-18,1753901,281
20220418-19,1751489,281
20220418-20,1770722,281
20220418-21,1848379,281
20220418-22,1835683,281
20220418-23,1843556,281
20220419-00,1847473,281
20220419-01,1816629,281
20220419-02,1822448,281
20220419-03,1823308,281
20220419-04,1831404,281
20220419-05,1825852,281
20220419-06,1828983,281
20220419-07,1821893,281
20220419-08,1814730,281
20220419-09,1824452,281
20220419-10,1827415,281
20220419-11,1812531,281
20220419-12,1838690,281
20220419-13,1828445,281
20220419-14,1834458,281
20220419-15,1826750,281
20220419-16,1824966,281
20220419-17,1837273,281
20220419-18,1846231,281
20220419-19,1834250,281
20220419-20,1838893,281
20220419-21,1841178,281
20220419-22,1845428,281
20220419-23,1843674,281
20220420-00,1847131,281
20220420-01,1819282,281
20220420-02,1829467,281
20220420-03,1827659,281
20220420-04,1829138,281
20220420-05,1820021,281
20220420-06,1830123,281
20220420-07,1825089,281
20220420-08,1832611,281
20220420-09,1819164,281
20220420-10,1821107,281
20220420-11,1822399,281
20220420-12,1822844,281
20220420-13,1820792,281
20220420-14,1829431,281
20220420-15,1829971,281
20220420-16,1823623,281
20220420-17,1827202,281
20220420-18,1828477,281
20220420-19,1131321,259
20220420-20,1063986,259
20220420-21,1073518,259
20220420-22,1071770,259
20220420-23,1077345,259
20220421-00,1065150,259
20220421-01,1064105,259
20220421-02,1066289,259
20220421-03,1067333,259
20220421-04,1068562,259
20220421-05,1069364,259
20220421-06,1069018,259
20220421-07,1065328,259
20220421-08,1054880,259
20220421-09,1062982,259
20220421-10,1066412,259
20220421-11,1064626,259
20220421-12,1066932,259
20220421-13,1064655,259
20220421-14,1064417,259
20220421-15,1066859,259
20220421-16,1067422,259
20220421-17,1064687,259
20220421-18,1066533,259
20220421-19,1064284,259
20220421-20,1134456,259
20220421-21,1135960,259
20220421-22,1136547,259
20220421-23,1131975,259
20220422-00,1132769,259
20220422-01,1131602,259
20220422-02,1131978,259
20220422-03,1132306,259
20220422-04,1132421,259
20220422-05,1133375,259
20220422-06,1136114,259
20220422-07,1133681,259
20220422-08,1130196,259
20220422-09,1122901,259
20220422-10,1133870,259
20220422-11,1135409,259
20220422-12,1133250,259
20220422-13,1125551,259
20220422-14,1133943,260
20220422-15,1133717,260
20220422-16,1136103,260
20220422-17,1133711,260
20220422-18,1134043,260
20220422-19,1126130,260
20220422-20,1132097,260
20220422-21,1133658,260
20220422-22,1129949,260
20220422-23,1135313,260
20220423-00,1135933,260
20220423-01,1132384,260
20220423-02,1137244,260
20220423-03,1141031,260
20220423-04,1136293,260
20220423-05,1141471,260
20220423-06,1133520,260
20220423-07,1136244,260
20220423-08,1129410,260
20220423-09,1128665,260
20220423-10,1130338,260
20220423-11,1130963,260
20220423-12,1134954,260
20220423-13,1132942,260
20220423-14,0,0
20220423-15,0,0
20220423-16,1135165,260
20220423-17,1138617,260
20220423-18,1132646,259
20220423-19,1130608,259
20220423-20,1132854,259
20220423-21,1140754,259
20220423-22,1137837,259
20220423-23,1138940,259
20220424-00,1131099,259
20220424-01,1129788,259
20220424-02,1129589,259
20220424-03,1132606,259
20220424-04,1132146,259
20220424-05,1130686,260
20220424-06,1131379,260
20220424-07,1127406,260
20220424-08,1129813,260
20220424-09,1130693,260
20220424-10,1132607,260
20220424-11,1129588,260
20220424-12,1134345,260
20220424-13,1133135,260
20220424-14,1129926,260
20220424-15,1129414,260
20220424-16,1130889,260
20220424-17,1128874,260
20220424-18,1134931,260
20220424-19,1129069,260
20220424-20,1128917,260
20220424-21,1133602,260
20220424-22,1136726,260
20220424-23,1131235,260
20220425-00,1130423,260
20220425-01,1128050,260
20220425-02,1131606,260
20220425-03,1128912,260
20220425-04,1127559,260
20220425-05,1129021,260
20220425-06,1129609,260
20220425-07,1132799,260
20220425-08,1136807,260
20220425-09,1134904,260
20220425-10,1135687,260
20220425-11,1131879,260
20220425-12,1134538,260
20220425-13,1132202,260
20220425-14,1132692,260
20220425-15,1130059,260
20220425-16,1130872,260
20220425-17,1132251,260
20220425-18,1135182,260
20220425-19,1124487,260
20220425-20,1137059,260
20220425-21,1136139,260
20220425-22,1133907,260
20220425-23,1131811,260
20220426-00,1127545,260
20220426-01,1134493,260
20220426-02,1133264,260
20220426-03,1135787,260
20220426-04,1132092,260
20220426-05,1130876,260
20220426-06,1128198,260
20220426-07,1129752,260
20220426-08,1133872,260
20220426-09,1130863,260
20220426-10,1135771,260
20220426-11,1135002,260
20220426-12,1134817,260
20220426-13,1133716,260
20220426-14,1136161,260
20220426-15,1134390,260
20220426-16,1136821,260
20220426-17,1133047,260
20220426-18,1130744,260
20220426-19,1124691,260
20220426-20,1137362,260
20220426-21,1136037,260
20220426-22,1138747,260
20220426-23,1138441,260
20220427-00,1137707,260
20220427-01,1133871,260
20220427-02,1133920,260
20220427-03,1132371,260
20220427-04,1131276,260
20220427-05,1134330,260
20220427-06,1135819,260
20220427-07,1135167,260
20220427-08,1129608,260
20220427-09,1133145,260
20220427-10,1125075,260
20220427-11,1128203,260
20220427-12,1127354,260
20220427-13,1127644,260
20220427-14,1126978,260
20220427-15,1128110,260
20220427-16,1123028,260
20220427-17,1122816,260
20220427-18,1120750,260
20220427-19,1122157,260
20220427-20,1128559,260
20220427-21,1136554,260
20220427-22,1137504,260
20220427-23,1132825,260
20220428-00,1127657,260
20220428-01,1134490,260
20220428-02,1122880,260
20220428-03,1123130,260
20220428-04,1125520,260
20220428-05,1128066,260
20220428-06,1125816,260
20220428-07,1121619,260
20220428-08,1125283,260
20220428-09,1126200,260
20220428-10,1128653,260
20220428-11,1118371,260
20220428-12,1131106,260
20220428-13,1125144,260
20220428-14,1127008,260
20220428-15,1124813,260
20220428-16,1126346,260
20220428-17,1126295,260
20220428-18,1128957,260
20220428-19,1125352,260
20220428-20,1096546,260
20220428-21,1128776,260
20220428-22,1130264,260
20220428-23,1129198,260
20220429-00,1128484,260
20220429-01,1124801,260
20220429-02,1128530,260
20220429-03,1130597,260
20220429-04,1122793,260
20220429-05,1126812,260
20220429-06,1123229,260
20220429-07,1122832,260
20220429-08,1124588,260
20220429-09,1126160,260
20220429-10,1125580,260
20220429-11,1127586,260
20220429-12,1127464,260
20220429-13,1128294,260
20220429-14,1129234,260
20220429-15,1125449,260
20220429-16,1127155,260
20220429-17,1130455,260
20220429-18,1130348,260
20220429-19,1127969,260
20220429-20,1087202,260
20220429-21,1128328,260
20220429-22,1132009,260
20220429-23,1129625,260
20220430-00,1116186,260
20220430-01,1128860,260
20220430-02,1131076,260
20220430-03,1130850,260
20220430-04,1130919,260
20220430-05,1123431,260
20220430-06,1126540,260
20220430-07,1128814,260
20220430-08,1130173,260
20220430-09,1129404,260
20220430-10,1128712,260
20220430-11,1128452,260
20220430-12,1129660,260
20220430-13,1126827,260
20220430-14,1126919,260
20220430-15,1126816,260
20220430-16,1126556,260
20220430-17,1127606,260
20220430-18,1129677,260
20220430-19,1128111,260
20220430-20,1092709,260
20220430-21,1130177,260
20220430-22,1129413,260
20220430-23,1129921,260
20220501-00,1123296,260
20220501-01,1130042,260
20220501-02,1128463,260
20220501-03,1128538,260
20220501-04,1129372,260
20220501-05,1129464,260
20220501-06,1129343,260
20220501-07,1129150,260
20220501-08,1128603,260
20220501-09,1127432,260
20220501-10,1128750,260
20220501-11,1127247,260
20220501-12,1125631,260
20220501-13,1128710,260
20220501-14,1127958,260
20220501-15,1216053,260
20220501-16,1216430,260
20220501-17,1219150,260
20220501-18,1218360,260
20220501-19,1214465,260
20220501-20,1182068,260
20220501-21,1217723,260
20220501-22,1217060,260
20220501-23,1216864,260
20220502-00,1210817,260
20220502-01,1001821,260
20220502-02,997105,260
20220502-03,1007824,260
20220502-04,1005962,260
20220502-05,999273,260
20220502-06,1001591,260
20220502-07,1008711,260
20220502-08,1012335,260
20220502-09,1010162,260
20220502-10,1008016,260
20220502-11,1009360,260
20220502-12,1011442,260
20220502-13,1012344,260
20220502-14,1009858,260
20220502-15,1008048,260
20220502-16,1007393,260
20220502-17,1006876,260
20220502-18,1008363,260
20220502-19,1004277,260
20220502-20,1064543,260
20220502-21,1135839,260
20220502-22,1134307,260
20220502-23,1133834,260
20220503-00,1129464,260
20220503-01,1128776,260
20220503-02,1006313,260
20220503-03,1004581,260
20220503-04,1007763,260
20220503-05,1003760,260
20220503-06,1008497,260
20220503-07,1008682,260
20220503-08,1010509,260
20220503-09,1001800,260
20220503-10,995569,260
20220503-11,1007530,260
20220503-12,1008707,260
20220503-13,1005278,260
20220503-14,1010215,260
20220503-15,1007925,260
20220503-16,1005308,260
20220503-17,1011864,260
20220503-18,1012844,260
20220503-19,1014324,260
20220503-20,1070299,260
20220503-21,1129590,260
20220503-22,1130978,260
20220503-23,1128594,260
20220504-00,1124068,260
20220504-01,1127287,260
20220504-02,1130177,260
20220504-03,1126953,260
20220504-04,1129948,260
20220504-05,1126913,260
20220504-06,1128375,260
20220504-07,1120103,260
20220504-08,1004783,260
20220504-09,1012622,260
20220504-10,997378,260
20220504-11,1007669,260
20220504-12,1008679,260
20220504-13,1004492,260
20220504-14,1012848,260
20220504-15,1012485,260
20220504-16,1015588,260
20220504-17,1011867,260
20220504-18,1015258,260
20220504-19,1014720,260
20220504-20,1071505,260
20220504-21,1132995,260
20220504-22,1132134,260
20220504-23,1134202,260
20220505-00,1132377,260
20220505-01,1129154,260
20220505-02,1131432,260
20220505-03,1131966,260
20220505-04,1130790,260
20220505-05,1132214,260
20220505-06,1128965,260
20220505-07,1131286,260
20220505-08,1137371,260
20220505-09,1134175,260
20220505-10,1131395,260
20220505-11,1127125,260
20220505-12,1126112,260
20220505-13,1129068,260
20220505-14,1126889,260
20220505-15,1128304,260
20220505-16,1133394,260
20220505-17,1130087,260
20220505-18,1130414,260
20220505-19,1129841,260
20220505-20,1087705,260
20220505-21,1129442,260
20220505-22,1131970,260
20220505-23,1131430,260
20220506-00,1127499,260
20220506-01,1127822,260
20220506-02,1130058,260
20220506-03,1131645,260
20220506-04,1132017,260
20220506-05,1134576,260
20220506-06,1129221,260
20220506-07,1124889,260
20220506-08,1123760,260
20220506-09,1127052,260
20220506-10,1122289,260
20220506-11,1131464,260
20220506-12,1128804,260
20220506-13,1130386,260
20220506-14,1128642,260
20220506-15,1127173,260
20220506-16,1129341,260
20220506-17,1128533,260
20220506-18,1129538,260
20220506-19,1128821,260
20220506-20,1089907,260
20220506-21,1129516,260
20220506-22,1127863,260
20220506-23,1132114,260
20220507-00,1119625,260
20220507-01,1128795,260
20220507-02,1128091,260
20220507-03,1130352,260
20220507-04,1128445,260
20220507-05,1128012,260
20220507-06,1123939,260
20220507-07,1129814,260
20220507-08,1130396,260
20220507-09,1122852,260
20220507-10,1126293,260
20220507-11,1128958,260
20220507-12,1130332,260
20220507-13,1132266,260
20220507-14,1131424,260
20220507-15,1127877,260
20220507-16,1128921,260
20220507-17,1128061,260
20220507-18,1131295,260
20220507-19,1129196,260
20220507-20,1094571,260
20220507-21,1131953,260
20220507-22,1128351,260
20220507-23,1130247,260
20220508-00,1118036,260
20220508-01,1130159,260
20220508-02,1131280,260
20220508-03,1132093,260
20220508-04,1132225,260
20220508-05,1130752,260
20220508-06,1129198,260
20220508-07,1131926,260
20220508-08,1132627,260
20220508-09,1130558,260
20220508-10,1131694,260
20220508-11,1128481,260
20220508-12,1129962,260
20220508-13,1131905,260
20220508-14,1129697,260
20220508-15,1130309,260
20220508-16,1129956,260
20220508-17,1129744,260
20220508-18,1130106,260
20220508-19,1129365,260
20220508-20,1088510,260
20220508-21,1128291,260
20220508-22,1131072,260
20220508-23,1131738,260
20220509-00,1122432,260
20220509-01,1128026,260
20220509-02,1128523,260
20220509-03,1127386,260
20220509-04,1129234,260
20220509-05,1128609,260
20220509-06,1123048,260
20220509-07,1127884,260
20220509-08,1127951,260
20220509-09,1126615,260
20220509-10,1129696,260
20220509-11,1130739,260
20220509-12,1131345,260
20220509-13,1131112,260
20220509-14,1131094,260
20220509-15,1131815,260
20220509-16,1131182,260
20220509-17,1133062,260
20220509-18,1134125,260
20220509-19,1132812,260
20220509-20,1090075,260
20220509-21,1132309,260
20220509-22,1131576,260
20220509-23,1133309,260
20220510-00,1128652,260
20220510-01,1132526,260
20220510-02,1134077,260
20220510-03,1130913,260
20220510-04,1130536,260
20220510-05,1130382,260
20220510-06,1124947,260
20220510-07,1130911,260
20220510-08,1131201,260
20220510-09,1125444,260
20220510-10,1131295,260
20220510-11,1132181,260
20220510-12,1132427,260
20220510-13,0,0
20220510-14,0,0
20220510-15,0,0
20220510-16,0,0
20220510-17,0,0
20220510-18,0,0
20220510-19,0,0
20220510-20,0,0
20220510-21,0,0
20220510-22,0,0
20220510-23,0,0
20220511-00,0,0
20220511-01,0,0
20220511-02,0,0
20220511-03,0,0
20220511-04,0,0
20220511-05,0,0
20220511-06,0,0
20220511-07,0,0
20220511-08,0,0
20220511-09,0,0
20220511-10,0,0
20220511-11,1132802,260
20220511-12,1132465,260
20220511-13,1134040,260
20220511-14,1130987,260
20220511-15,1133812,260
20220511-16,1133848,260
20220511-17,1132189,260
20220511-18,1136415,260
20220511-19,1130391,260
20220511-20,1102519,260
20220511-21,1132934,260
20220511-22,1131852,260
20220511-23,1135069,260
20220512-00,1133120,260
20220512-01,1134383,260
20220512-02,1129758,260
20220512-03,1132738,260
20220512-04,1132894,260
20220512-05,1130631,260
20220512-06,1133124,260
20220512-07,1134054,260
20220512-08,1125261,260
20220512-09,1129613,260
20220512-10,1130079,260
20220512-11,1132402,260
20220512-12,1134524,260
20220512-13,1132444,260
20220512-14,1134454,260
20220512-15,1133475,260
20220512-16,1135869,260
20220512-17,1133515,260
20220512-18,1136281,260
20220512-19,1134241,260
20220512-20,1104033,260
20220512-21,1136152,260
20220512-22,1131695,260
20220512-23,1135931,260
20220513-00,1123861,260
20220513-01,1132341,260
20220513-02,1134941,260
20220513-03,1132140,260
20220513-04,1132551,260
20220513-05,1137312,260
20220513-06,1129504,260
20220513-07,1130108,260
20220513-08,1124598,260
20220513-09,1124354,260
20220513-10,1131118,260
20220513-11,1134379,260
20220513-12,1134930,260
20220513-13,1136080,260
20220513-14,1133119,260
20220513-15,1134798,260
20220513-16,1133660,260
20220513-17,1137864,260
20220513-18,1136472,260
20220513-19,1138161,260
20220513-20,1090274,260
20220513-21,1131994,260
20220513-22,1137736,260
20220513-23,1134292,260
20220514-00,1127710,260
20220514-01,1134224,260
20220514-02,1125601,260
20220514-03,1132642,260
20220514-04,1137345,260
20220514-05,1133145,260
20220514-06,1129354,260
20220514-07,1136434,260
20220514-08,1136176,260
20220514-09,1131312,260
20220514-10,1133822,260
20220514-11,1131798,260
20220514-12,1137299,260
20220514-13,1131799,260
20220514-14,1133314,260
20220514-15,1133218,260
20220514-16,1131051,260
20220514-17,1129746,260
20220514-18,1133379,260
20220514-19,1130225,260
20220514-20,1079031,260
20220514-21,1131734,260
20220514-22,1129606,260
20220514-23,1130860,260
20220515-00,1133983,260
20220515-01,1129816,260
20220515-02,1132371,260
20220515-03,1131345,260
20220515-04,1132653,260
20220515-05,1129799,260
20220515-06,1120424,260
20220515-07,1130810,260
20220515-08,1129663,260
20220515-09,1131977,260
20220515-10,1131783,260
20220515-11,1127860,260
20220515-12,1131562,260
20220515-13,1129604,260
20220515-14,1132092,260
20220515-15,1132354,260
20220515-16,1131739,260
20220515-17,1130869,260
20220515-18,1130036,260
20220515-19,1130214,260
20220515-20,1083412,260
20220515-21,1132169,260
20220515-22,1129346,260
20220515-23,1131101,260
20220516-00,1129674,260
20220516-01,1128035,260
20220516-02,1128802,260
20220516-03,1130794,260
20220516-04,1129095,260
20220516-05,1130630,260
20220516-06,1127553,260
20220516-07,1132563,260
20220516-08,1126856,260
20220516-09,1131131,260
20220516-10,1131231,260
20220516-11,1131942,260
20220516-12,1131309,260
20220516-13,1132151,260
20220516-14,1130355,260
20220516-15,1134818,260
20220516-16,1131928,260
20220516-17,1132690,260
20220516-18,1134084,260
20220516-19,1135847,260
20220516-20,1085614,260
20220516-21,1134469,260
20220516-22,1135456,260
20220516-23,1131761,260
20220517-00,1125851,260
20220517-01,1131207,260
20220517-02,1131045,260
20220517-03,1133836,260
20220517-04,1137554,260
20220517-05,1131687,260
20220517-06,1131943,260
20220517-07,1132578,260
20220517-08,1122839,260
20220517-09,1126529,260
20220517-10,1134025,260
20220517-11,0,0
20220517-12,0,0
20220517-13,1134332,260
20220517-14,1134748,260
20220517-15,1135707,260
20220517-16,1129357,260
20220517-17,1134219,260
20220517-18,1133586,260
20220517-19,1133677,260
20220517-20,1098447,260
20220517-21,1134465,260
20220517-22,1132421,260
20220517-23,1129128,260
20220518-00,1124474,260
20220518-01,1129199,260
20220518-02,1129737,260
20220518-03,1129391,260
20220518-04,1130341,260
20220518-05,1133172,260
20220518-06,1126916,260
20220518-07,1128306,260
20220518-08,1128121,260
20220518-09,1118484,260
20220518-10,1127586,260
20220518-11,1130866,260
20220518-12,1130881,260
20220518-13,1129920,260
20220518-14,1129461,260
20220518-15,1127536,260
20220518-16,1131449,260
20220518-17,1128814,260
20220518-18,1127420,260
20220518-19,1128385,260
20220518-20,1113667,260
20220518-21,1131370,260
20220518-22,1131036,260
20220518-23,1133187,260
20220519-00,1128059,260
20220519-01,1127027,260
20220519-02,1126773,260
20220519-03,1127431,260
20220519-04,1127065,260
20220519-05,1133322,260
20220519-06,1118451,260
20220519-07,1128319,260
20220519-08,1134012,260
20220519-09,1115776,260
20220519-10,1133099,260
20220519-11,1131181,260
20220519-12,1132784,260
20220519-13,1111310,282
20220519-14,1108776,282
20220519-15,1111179,282
20220519-16,1110365,282
20220519-17,1111297,260
20220519-18,1112281,260
20220519-19,1111115,260
20220519-20,1093163,260
20220519-21,1111753,260
20220519-22,1109845,260
20220519-23,1108415,260
20220520-00,1103191,260
20220520-01,1110887,260
20220520-02,1108320,260
20220520-03,1109740,260
20220520-04,1111812,260
20220520-05,1108219,260
20220520-06,1102185,260
20220520-07,1113184,260
20220520-08,1112320,260
20220520-09,1111437,260
20220520-10,1112050,260
20220520-11,1110629,260
20220520-12,1111509,260
20220520-13,1110417,260
20220520-14,1110097,260
20220520-15,1110444,260
20220520-16,1111024,260
20220520-17,1109364,260
20220520-18,1110904,260
20220520-19,1107311,260
20220520-20,1082760,260
20220520-21,1110325,260
20220520-22,1106506,260
20220520-23,1108832,260
20220521-00,1090136,260
20220521-01,1106229,260
20220521-02,1112584,260
20220521-03,1107183,260
20220521-04,1107771,260
20220521-05,1108139,260
20220521-06,1096396,260
20220521-07,1106191,260
20220521-08,1110327,260
20220521-09,1110198,260
20220521-10,1112237,260
20220521-11,1105040,260
20220521-12,1108384,260
20220521-13,1105796,260
20220521-14,1108022,260
20220521-15,0,0
20220521-16,0,0
20220521-17,0,0
20220521-18,0,0
20220521-19,1087386,260
20220521-20,0,0
20220521-21,1111857,260
20220521-22,1107812,260
20220521-23,1110044,260
20220522-00,1110597,260
20220522-01,1107252,260
20220522-02,1110137,260
20220522-03,1109038,260
20220522-04,1105741,260
20220522-05,1100226,260
20220522-06,1106555,260
20220522-07,1105491,260
20220522-08,1109452,260
20220522-09,1111438,260
20220522-10,1109557,260
20220522-11,1105594,260
20220522-12,1110802,260
20220522-13,1111272,260
20220522-14,1108964,260
20220522-15,1110210,259
20220522-16,1109358,260
20220522-17,1109402,260
20220522-18,1107826,260
20220522-19,1107665,260
20220522-20,1079373,260
20220522-21,1109594,260
20220522-22,1109926,260
20220522-23,1110260,260
20220523-00,1099591,260
20220523-01,1107384,260
20220523-02,1110671,260
20220523-03,1106933,260
20220523-04,1107373,260
20220523-05,1108294,260
20220523-06,1101292,260
20220523-07,1101730,260
20220523-08,1102657,260
20220523-09,1109335,260
20220523-10,1110497,260
20220523-11,1112127,260
20220523-12,1103069,260
20220523-13,1110712,260
20220523-14,1111973,260
20220523-15,1111405,260
20220523-16,0,0
20220523-17,0,0
20220523-18,0,0
20220523-19,0,0
20220523-20,0,0
20220523-21,0,0
20220523-22,0,0
20220523-23,0,0
20220524-00,0,0
20220524-01,0,0
20220524-02,0,0
20220524-03,0,0
20220524-04,0,0
20220524-05,0,0
20220524-06,0,0
20220524-07,0,0
20220524-08,1109957,260
20220524-09,1105332,260
20220524-10,1110388,260
20220524-11,1099710,260
20220524-12,1100911,260
20220524-13,1103292,260
20220524-14,1112526,260
20220524-15,1110110,260
20220524-16,0,0
20220524-17,0,0
20220524-18,0,0
20220524-19,0,0
20220524-20,0,0
20220524-21,0,0
20220524-22,0,0
20220524-23,0,0
20220525-00,0,0
20220525-01,0,0
20220525-02,0,0
20220525-03,0,0
20220525-04,0,0
20220525-05,0,0
20220525-06,0,0
20220525-07,0,0
20220525-08,1112530,260
20220525-09,1113828,260
20220525-10,1112244,260
20220525-11,1110390,260
20220525-12,1113293,260
20220525-13,1113332,260
20220525-14,1108680,260
20220525-15,1110295,260
20220525-16,1112349,260
20220525-17,1113913,260
20220525-18,1113555,260
20220525-19,1052726,260
20220525-20,1111582,260
20220525-21,1108565,260
20220525-22,1109667,260
20220525-23,1109674,260
20220526-00,1109290,260
20220526-01,1109207,260
20220526-02,1111904,260
20220526-03,1107378,260
20220526-04,1106757,260
20220526-05,1111822,260
20220526-06,1108640,260
20220526-07,1111243,260
20220526-08,1109513,260
20220526-09,1110587,260
20220526-10,1111430,260
20220526-11,1112166,260
20220526-12,1111600,260
20220526-13,1108621,260
20220526-14,1110232,260
20220526-15,1110086,260
20220526-16,1109285,260
20220526-17,1109798,260
20220526-18,1111654,260
20220526-19,1055829,260
20220526-20,1108168,260
20220526-21,1111424,260
20220526-22,1115677,260
20220526-23,1107540,260
20220527-00,1109030,260
20220527-01,1108746,260
20220527-02,1111203,260
20220527-03,1110405,260
20220527-04,1113070,260
20220527-05,1109096,260
20220527-06,1109808,260
20220527-07,1111962,260
20220527-08,1117271,260
20220527-09,1114383,260
20220527-10,1112435,260
20220527-11,1113580,260
20220527-12,1113197,260
20220527-13,1115641,260
20220527-14,1112965,260
20220527-15,1114910,260
20220527-16,1111672,260
20220527-17,1114132,260
20220527-18,1110967,260
20220527-19,1056000,260
20220527-20,1105347,260
20220527-21,1113155,260
20220527-22,1109224,260
20220527-23,1109981,260
20220528-00,1111590,260
20220528-01,1106372,260
20220528-02,1113590,260
20220528-03,1111532,260
20220528-04,1108989,260
20220528-05,1111380,260
20220528-06,1113269,260
20220528-07,1107795,260
20220528-08,1109550,260
20220528-09,1108950,260
20220528-10,1109188,260
20220528-11,1110754,260
20220528-12,1111602,260
20220528-13,1109341,260
20220528-14,1111527,260
20220528-15,1109395,260
20220528-16,1107411,260
20220528-17,1112444,260
20220528-18,1109941,260
20220528-19,1056642,260
20220528-20,1112025,260
20220528-21,1110874,260
20220528-22,1112297,260
20220528-23,1110485,260
20220529-00,1114998,260
20220529-01,1112579,260
20220529-02,1111572,260
20220529-03,1111875,260
20220529-04,1110372,260
20220529-05,1112586,260
20220529-06,1112751,260
20220529-07,1110012,260
20220529-08,1112460,260
20220529-09,1111878,260
20220529-10,1112879,260
20220529-11,1112738,260
20220529-12,1113372,260
20220529-13,1111120,260
20220529-14,1109056,260
20220529-15,1107544,260
20220529-16,1111618,260
20220529-17,1110804,260
20220529-18,1112368,260
20220529-19,1054531,260
20220529-20,1102799,260
20220529-21,1110935,260
20220529-22,1111400,260
20220529-23,1109478,260
20220530-00,1110576,260
20220530-01,1112139,260
20220530-02,1108182,260
20220530-03,1112521,260
20220530-04,1110973,260
20220530-05,0,0
20220530-06,1109686,260
20220530-07,1113252,260
20220530-08,1107311,260
20220530-09,1106539,260
20220530-10,1112379,260
20220530-11,1111124,260
20220530-12,1110831,260
20220530-13,1111526,260
20220530-14,1114403,260
20220530-15,1111044,260
20220530-16,1109505,260
20220530-17,1112664,260
20220530-18,1114069,260
20220530-19,1111791,260
20220530-20,1069063,260
20220530-21,1110303,260
20220530-22,1110850,260
20220530-23,1110034,260
20220531-00,1107761,260
20220531-01,1106866,260
20220531-02,1109450,260
20220531-03,1109479,260
20220531-04,1110126,260
20220531-05,1113394,260
20220531-06,1109836,260
20220531-07,0,0
20220531-08,0,0
20220531-09,0,0
20220531-10,0,0
20220531-11,0,0
20220531-12,0,0
20220531-13,0,0
20220531-14,0,0
20220531-15,0,0
20220531-16,0,0
20220531-17,0,0
20220531-18,0,0
20220531-19,0,0
20220531-20,1059060,260
20220531-21,0,0
20220531-22,0,0
20220531-23,0,0
20220601-00,0,0
20220601-01,0,0
20220601-02,0,0
20220601-03,0,0
20220601-04,0,0
20220601-05,0,0
20220601-06,0,0
20220601-07,0,0
