date,jobDelivered,JobExpected
20220208-08,0,1
20220208-09,0,1
20220208-10,0,1
20220208-11,0,1
20220208-12,0,1
20220208-13,0,1
20220208-14,0,1
20220208-15,0,1
20220208-16,0,1
20220208-17,0,1
20220208-18,0,1
20220208-19,0,1
20220208-20,0,1
20220208-21,0,1
20220208-22,0,1
20220208-23,0,1
20220209-00,0,1
20220209-01,0,1
20220209-02,0,1
20220209-03,0,1
20220209-04,0,1
20220209-05,0,1
20220209-06,0,1
20220209-07,0,1
20220209-08,0,1
20220209-09,0,1
20220209-10,0,1
20220209-11,0,1
20220209-12,0,1
20220209-13,0,1
20220209-14,0,1
20220209-15,0,1
20220209-16,0,1
20220209-17,0,1
20220209-18,0,1
20220209-19,0,1
20220209-20,0,1
20220209-21,0,1
20220209-22,0,1
20220209-23,0,1
20220210-00,0,1
20220210-01,0,1
20220210-02,0,1
20220210-03,0,1
20220210-04,0,1
20220210-05,0,1
20220210-06,0,1
20220210-07,0,1
20220210-08,0,1
20220210-09,0,1
20220210-10,0,1
20220210-11,0,1
20220210-12,0,1
20220210-13,0,1
20220210-14,0,1
20220210-15,0,1
20220210-16,0,1
20220210-17,0,1
20220210-18,0,1
20220210-19,0,1
20220210-20,0,1
20220210-21,0,1
20220210-22,0,1
20220210-23,0,1
20220211-00,0,1
20220211-01,0,1
20220211-02,0,1
20220211-03,0,1
20220211-04,0,1
20220211-05,0,1
20220211-06,0,1
20220211-07,0,1
20220211-08,0,1
20220211-09,0,1
20220211-10,0,1
20220211-11,0,1
20220211-12,0,1
20220211-13,0,1
20220211-14,0,1
20220211-15,0,1
20220211-16,0,1
20220211-17,0,1
20220211-18,0,1
20220211-19,0,1
20220211-20,0,1
20220211-21,0,1
20220211-22,0,1
20220211-23,0,1
20220212-00,0,1
20220212-01,0,1
20220212-02,0,1
20220212-03,0,1
20220212-04,0,1
20220212-05,0,1
20220212-06,0,1
20220212-07,0,1
20220212-08,0,1
20220212-09,0,1
20220212-10,0,1
20220212-11,0,1
20220212-12,0,1
20220212-13,0,1
20220212-14,0,1
20220212-15,0,1
20220212-16,0,1
20220212-17,0,1
20220212-18,0,1
20220212-19,0,1
20220212-20,0,1
20220212-21,0,1
20220212-22,0,1
20220212-23,0,1
20220213-00,0,1
20220213-01,0,1
20220213-02,0,1
20220213-03,0,1
20220213-04,0,1
20220213-05,0,1
20220213-06,0,1
20220213-07,0,1
20220213-08,0,1
20220213-09,0,1
20220213-10,0,1
20220213-11,0,1
20220213-12,0,1
20220213-13,0,1
20220213-14,0,1
20220213-15,0,1
20220213-16,0,1
20220213-17,0,1
20220213-18,0,1
20220213-19,0,1
20220213-20,0,1
20220213-21,0,1
20220213-22,0,1
20220213-23,0,1
20220214-00,0,1
20220214-01,0,1
20220214-02,0,1
20220214-03,0,1
20220214-04,0,1
20220214-05,0,1
20220214-06,0,1
20220214-07,0,1
20220214-08,0,1
20220214-09,0,1
20220214-10,0,1
20220214-11,0,1
20220214-12,0,1
20220214-13,0,1
20220214-14,0,1
20220214-15,0,1
20220214-16,0,1
20220214-17,0,1
20220214-18,0,1
20220214-19,0,1
20220214-20,0,1
20220214-21,0,1
20220214-22,0,1
20220214-23,0,1
20220215-00,0,1
20220215-01,0,1
20220215-02,0,1
20220215-03,0,1
20220215-04,0,1
20220215-05,0,1
20220215-06,0,1
20220215-07,0,1
20220215-08,0,1
20220215-09,0,1
20220215-10,0,1
20220215-11,0,1
20220215-12,0,1
20220215-13,0,1
20220215-14,0,1
20220215-15,0,1
20220215-16,0,1
20220215-17,0,1
20220215-18,0,1
20220215-19,0,1
20220215-20,0,1
20220215-21,0,1
20220215-22,0,1
20220215-23,0,1
20220216-00,0,1
20220216-01,0,1
20220216-02,0,1
20220216-03,0,1
20220216-04,0,1
20220216-05,0,1
20220216-06,0,1
20220216-07,0,1
20220216-08,0,1
20220216-09,0,1
20220216-10,0,1
20220216-11,0,1
20220216-12,0,1
20220216-13,0,1
20220216-14,0,1
20220216-15,0,1
20220216-16,0,1
20220216-17,0,1
20220216-18,0,1
20220216-19,0,1
20220216-20,0,1
20220216-21,0,1
20220216-22,0,1
20220216-23,0,1
20220217-00,0,1
20220217-01,0,1
20220217-02,0,1
20220217-03,0,1
20220217-04,0,1
20220217-05,0,1
20220217-06,0,1
20220217-07,0,1
20220217-08,0,1
20220217-09,0,1
20220217-10,0,1
20220217-11,0,1
20220217-12,0,1
20220217-13,0,1
20220217-14,0,1
20220217-15,0,1
20220217-16,0,1
20220217-17,0,1
20220217-18,0,1
20220217-19,0,1
20220217-20,0,1
20220217-21,0,1
20220217-22,0,1
20220217-23,0,1
20220218-00,0,1
20220218-01,0,1
20220218-02,0,1
20220218-03,0,1
20220218-04,0,1
20220218-05,0,1
20220218-06,0,1
20220218-07,0,1
20220218-08,0,1
20220218-09,0,1
20220218-10,0,1
20220218-11,0,1
20220218-12,0,1
20220218-13,0,1
20220218-14,0,1
20220218-15,0,1
20220218-16,0,1
20220218-17,0,1
20220218-18,0,1
20220218-19,0,1
20220218-20,0,1
20220218-21,0,1
20220218-22,0,1
20220218-23,0,1
20220219-00,0,1
20220219-01,0,1
20220219-02,0,1
20220219-03,0,1
20220219-04,0,1
20220219-05,0,1
20220219-06,0,1
20220219-07,0,1
20220219-08,0,1
20220219-09,0,1
20220219-10,0,1
20220219-11,0,1
20220219-12,0,1
20220219-13,0,1
20220219-14,0,1
20220219-15,0,1
20220219-16,0,1
20220219-17,0,1
20220219-18,0,1
20220219-19,0,1
20220219-20,0,1
20220219-21,0,1
20220219-22,0,1
20220219-23,0,1
20220220-00,0,1
20220220-01,0,1
20220220-02,0,1
20220220-03,0,1
20220220-04,0,1
20220220-05,0,1
20220220-06,0,1
20220220-07,0,1
20220220-08,0,1
20220220-09,0,1
20220220-10,0,1
20220220-11,0,1
20220220-12,0,1
20220220-13,0,1
20220220-14,0,1
20220220-15,0,1
20220220-16,0,1
20220220-17,0,1
20220220-18,0,1
20220220-19,0,1
20220220-20,0,1
20220220-21,0,1
20220220-22,0,1
20220220-23,0,1
20220221-00,0,1
20220221-01,0,1
20220221-02,0,1
20220221-03,0,1
20220221-04,0,1
20220221-05,0,1
20220221-06,0,1
20220221-07,0,1
20220221-08,0,1
20220221-09,0,1
20220221-10,0,1
20220221-11,0,1
20220221-12,0,1
20220221-13,0,1
20220221-14,0,1
20220221-15,0,1
20220221-16,0,1
20220221-17,0,1
20220221-18,0,1
20220221-19,0,1
20220221-20,0,1
20220221-21,0,1
20220221-22,0,1
20220221-23,0,1
20220222-00,0,1
20220222-01,0,1
20220222-02,0,1
20220222-03,0,1
20220222-04,0,1
20220222-05,0,1
20220222-06,0,1
20220222-07,0,1
20220222-08,1,1
20220222-09,0,1
20220222-10,1,1
20220222-11,1,1
20220222-12,1,1
20220222-13,1,1
20220222-14,1,1
20220222-15,1,1
20220222-16,0,1
20220222-17,1,1
20220222-18,1,1
20220222-19,1,1
20220222-20,0,1
20220222-21,0,1
20220222-22,1,1
20220222-23,0,1
20220223-00,0,1
20220223-01,1,1
20220223-02,1,1
20220223-03,1,1
20220223-04,0,1
20220223-05,1,1
20220223-06,1,1
20220223-07,0,1
20220223-08,1,1
20220223-09,0,1
20220223-10,0,1
20220223-11,1,1
20220223-12,1,1
20220223-13,1,1
20220223-14,1,1
20220223-15,0,1
20220223-16,1,1
20220223-17,0,1
20220223-18,0,1
20220223-19,0,1
20220223-20,0,1
20220223-21,1,1
20220223-22,0,1
20220223-23,1,1
20220224-00,0,1
20220224-01,1,1
20220224-02,0,1
20220224-03,0,1
20220224-04,0,1
20220224-05,1,1
20220224-06,0,1
20220224-07,1,1
20220224-08,1,1
20220224-09,0,1
20220224-10,0,1
20220224-11,0,1
20220224-12,0,1
20220224-13,0,1
20220224-14,0,1
20220224-15,0,1
20220224-16,0,1
20220224-17,1,1
20220224-18,1,1
20220224-19,0,1
20220224-20,0,1
20220224-21,1,1
20220224-22,1,1
20220224-23,1,1
20220225-00,1,1
20220225-01,1,1
20220225-02,0,1
20220225-03,0,1
20220225-04,0,1
20220225-05,0,1
20220225-06,1,1
20220225-07,1,1
20220225-08,0,1
20220225-09,1,1
20220225-10,1,1
20220225-11,0,1
20220225-12,1,1
20220225-13,1,1
20220225-14,1,1
20220225-15,0,1
20220225-16,0,1
20220225-17,1,1
20220225-18,1,1
20220225-19,0,1
20220225-20,0,1
20220225-21,1,1
20220225-22,1,1
20220225-23,1,1
20220226-00,0,1
20220226-01,1,1
20220226-02,0,1
20220226-03,0,1
20220226-04,1,1
20220226-05,0,1
20220226-06,1,1
20220226-07,0,1
20220226-08,0,1
20220226-09,1,1
20220226-10,1,1
20220226-11,1,1
20220226-12,0,1
20220226-13,0,1
20220226-14,0,1
20220226-15,0,1
20220226-16,1,1
20220226-17,0,1
20220226-18,1,1
20220226-19,1,1
20220226-20,0,1
20220226-21,0,1
20220226-22,1,1
20220226-23,0,1
20220227-00,0,1
20220227-01,1,1
20220227-02,1,1
20220227-03,1,1
20220227-04,1,1
20220227-05,1,1
20220227-06,1,1
20220227-07,1,1
20220227-08,1,1
20220227-09,1,1
20220227-10,1,1
20220227-11,1,1
20220227-12,1,1
20220227-13,1,1
20220227-14,1,1
20220227-15,1,1
20220227-16,1,1
20220227-17,1,1
20220227-18,1,1
20220227-19,1,1
20220227-20,0,1
20220227-21,0,1
20220227-22,1,1
20220227-23,1,1
20220228-00,1,1
20220228-01,1,1
20220228-02,1,1
20220228-03,1,1
20220228-04,1,1
20220228-05,1,1
20220228-06,1,1
20220228-07,1,1
20220228-08,1,1
20220228-09,1,1
20220228-10,1,1
20220228-11,1,1
20220228-12,1,1
20220228-13,1,1
20220228-14,1,1
20220228-15,1,1
20220228-16,1,1
20220228-17,1,1
20220228-18,1,1
20220228-19,1,1
20220228-20,0,1
20220228-21,0,1
20220228-22,1,1
20220228-23,1,1
20220301-00,1,1
20220301-01,1,1
20220301-02,1,1
20220301-03,1,1
20220301-04,1,1
20220301-05,1,1
20220301-06,1,1
20220301-07,1,1
20220301-08,1,1
20220301-09,1,1
20220301-10,1,1
20220301-11,1,1
20220301-12,1,1
20220301-13,1,1
20220301-14,1,1
20220301-15,1,1
20220301-16,1,1
20220301-17,1,1
20220301-18,1,1
20220301-19,1,1
20220301-20,0,1
20220301-21,0,1
20220301-22,1,1
20220301-23,1,1
20220302-00,1,1
20220302-01,1,1
20220302-02,1,1
20220302-03,1,1
20220302-04,1,1
20220302-05,1,1
20220302-06,1,1
20220302-07,1,1
20220302-08,1,1
20220302-09,1,1
20220302-10,1,1
20220302-11,1,1
20220302-12,1,1
20220302-13,1,1
20220302-14,1,1
20220302-15,1,1
20220302-16,1,1
20220302-17,1,1
20220302-18,1,1
20220302-19,1,1
20220302-20,0,1
20220302-21,0,1
20220302-22,1,1
20220302-23,1,1
20220303-00,1,1
20220303-01,1,1
20220303-02,0,1
20220303-03,0,1
20220303-04,1,1
20220303-05,1,1
20220303-06,1,1
20220303-07,1,1
20220303-08,1,1
20220303-09,1,1
20220303-10,0,1
20220303-11,0,1
20220303-12,1,1
20220303-13,1,1
20220303-14,1,1
20220303-15,1,1
20220303-16,1,1
20220303-17,1,1
20220303-18,1,1
20220303-19,1,1
20220303-20,0,1
20220303-21,0,1
20220303-22,1,1
20220303-23,1,1
20220304-00,1,1
20220304-01,1,1
20220304-02,1,1
20220304-03,1,1
20220304-04,1,1
20220304-05,1,1
20220304-06,1,1
20220304-07,1,1
20220304-08,1,1
20220304-09,1,1
20220304-10,1,1
20220304-11,1,1
20220304-12,1,1
20220304-13,1,1
20220304-14,1,1
20220304-15,1,1
20220304-16,1,1
20220304-17,1,1
20220304-18,1,1
20220304-19,1,1
20220304-20,0,1
20220304-21,0,1
20220304-22,1,1
20220304-23,1,1
20220305-00,1,1
20220305-01,1,1
20220305-02,1,1
20220305-03,1,1
20220305-04,1,1
20220305-05,1,1
20220305-06,1,1
20220305-07,1,1
20220305-08,1,1
20220305-09,1,1
20220305-10,1,1
20220305-11,1,1
20220305-12,1,1
20220305-13,1,1
20220305-14,1,1
20220305-15,1,1
20220305-16,1,1
20220305-17,1,1
20220305-18,1,1
20220305-19,1,1
20220305-20,0,1
20220305-21,0,1
20220305-22,1,1
20220305-23,1,1
20220306-00,1,1
20220306-01,1,1
20220306-02,1,1
20220306-03,1,1
20220306-04,1,1
20220306-05,1,1
20220306-06,1,1
20220306-07,1,1
20220306-08,1,1
20220306-09,1,1
20220306-10,1,1
20220306-11,1,1
20220306-12,1,1
20220306-13,1,1
20220306-14,1,1
20220306-15,1,1
20220306-16,1,1
20220306-17,1,1
20220306-18,1,1
20220306-19,1,1
20220306-20,0,1
20220306-21,0,1
20220306-22,1,1
20220306-23,1,1
20220307-00,1,1
20220307-01,1,1
20220307-02,1,1
20220307-03,1,1
20220307-04,1,1
20220307-05,1,1
20220307-06,1,1
20220307-07,1,1
20220307-08,1,1
20220307-09,1,1
20220307-10,1,1
20220307-11,1,1
20220307-12,1,1
20220307-13,1,1
20220307-14,1,1
20220307-15,1,1
20220307-16,1,1
20220307-17,1,1
20220307-18,1,1
20220307-19,1,1
20220307-20,0,1
20220307-21,0,1
20220307-22,1,1
20220307-23,1,1
20220308-00,1,1
20220308-01,1,1
20220308-02,1,1
20220308-03,1,1
20220308-04,1,1
20220308-05,1,1
20220308-06,1,1
20220308-07,1,1
20220308-08,1,1
20220308-09,1,1
20220308-10,1,1
20220308-11,1,1
20220308-12,1,1
20220308-13,1,1
20220308-14,1,1
20220308-15,1,1
20220308-16,1,1
20220308-17,1,1
20220308-18,1,1
20220308-19,1,1
20220308-20,1,1
20220308-21,1,1
20220308-22,1,1
20220308-23,0,1
20220309-00,1,1
20220309-01,1,1
20220309-02,1,1
20220309-03,1,1
20220309-04,1,1
20220309-05,1,1
20220309-06,1,1
20220309-07,1,1
20220309-08,1,1
20220309-09,1,1
20220309-10,1,1
20220309-11,1,1
20220309-12,1,1
20220309-13,1,1
20220309-14,1,1
20220309-15,1,1
20220309-16,1,1
20220309-17,1,1
20220309-18,1,1
20220309-19,1,1
20220309-20,1,1
20220309-21,1,1
20220309-22,1,1
20220309-23,1,1
20220310-00,1,1
20220310-01,1,1
20220310-02,1,1
20220310-03,1,1
20220310-04,1,1
20220310-05,1,1
20220310-06,1,1
20220310-07,1,1
20220310-08,1,1
20220310-09,1,1
20220310-10,1,1
20220310-11,1,1
20220310-12,1,1
20220310-13,1,1
20220310-14,1,1
20220310-15,1,1
20220310-16,1,1
20220310-17,1,1
20220310-18,1,1
20220310-19,1,1
20220310-20,1,1
20220310-21,1,1
20220310-22,1,1
20220310-23,1,1
20220311-00,1,1
20220311-01,1,1
20220311-02,1,1
20220311-03,1,1
20220311-04,1,1
20220311-05,1,1
20220311-06,1,1
20220311-07,1,1
20220311-08,1,1
20220311-09,1,1
20220311-10,1,1
20220311-11,1,1
20220311-12,1,1
20220311-13,1,1
20220311-14,1,1
20220311-15,1,1
20220311-16,1,1
20220311-17,1,1
20220311-18,1,1
20220311-19,1,1
20220311-20,1,1
20220311-21,1,1
20220311-22,1,1
20220311-23,1,1
20220312-00,1,1
20220312-01,1,1
20220312-02,1,1
20220312-03,1,1
20220312-04,1,1
20220312-05,1,1
20220312-06,1,1
20220312-07,1,1
20220312-08,1,1
20220312-09,1,1
20220312-10,1,1
20220312-11,1,1
20220312-12,1,1
20220312-13,1,1
20220312-14,1,1
20220312-15,1,1
20220312-16,1,1
20220312-17,1,1
20220312-18,1,1
20220312-19,1,1
20220312-20,1,1
20220312-21,1,1
20220312-22,1,1
20220312-23,1,1
20220313-00,1,1
20220313-01,1,1
20220313-02,1,1
20220313-03,1,1
20220313-04,1,1
20220313-05,1,1
20220313-06,1,1
20220313-07,1,1
20220313-08,1,1
20220313-09,1,1
20220313-10,1,1
20220313-11,1,1
20220313-12,1,1
20220313-13,1,1
20220313-14,1,1
20220313-15,1,1
20220313-16,1,1
20220313-17,1,1
20220313-18,1,1
20220313-19,1,1
20220313-20,1,1
20220313-21,1,1
20220313-22,1,1
20220313-23,1,1
20220314-00,1,1
20220314-01,1,1
20220314-02,1,1
20220314-03,1,1
20220314-04,1,1
20220314-05,1,1
20220314-06,1,1
20220314-07,1,1
20220314-08,1,1
20220314-09,1,1
20220314-10,1,1
20220314-11,1,1
20220314-12,1,1
20220314-13,1,1
20220314-14,1,1
20220314-15,1,1
20220314-16,1,1
20220314-17,1,1
20220314-18,1,1
20220314-19,1,1
20220314-20,1,1
20220314-21,1,1
20220314-22,1,1
20220314-23,1,1
20220315-00,1,1
20220315-01,1,1
20220315-02,1,1
20220315-03,1,1
20220315-04,1,1
20220315-05,1,1
20220315-06,1,1
20220315-07,1,1
20220315-08,1,1
20220315-09,1,1
20220315-10,1,1
20220315-11,1,1
20220315-12,1,1
20220315-13,1,1
20220315-14,1,1
20220315-15,1,1
20220315-16,1,1
20220315-17,1,1
20220315-18,1,1
20220315-19,1,1
20220315-20,1,1
20220315-21,1,1
20220315-22,1,1
20220315-23,1,1
20220316-00,1,1
20220316-01,1,1
20220316-02,1,1
20220316-03,1,1
20220316-04,1,1
20220316-05,1,1
20220316-06,1,1
20220316-07,1,1
20220316-08,1,1
20220316-09,1,1
20220316-10,1,1
20220316-11,1,1
20220316-12,1,1
20220316-13,1,1
20220316-14,1,1
20220316-15,0,1
20220316-16,1,1
20220316-17,1,1
20220316-18,0,1
20220316-19,0,1
20220316-20,0,1
20220316-21,0,1
20220316-22,0,1
20220316-23,1,1
20220317-00,1,1
20220317-01,1,1
20220317-02,1,1
20220317-03,1,1
20220317-04,1,1
20220317-05,1,1
20220317-06,1,1
20220317-07,1,1
20220317-08,1,1
20220317-09,1,1
20220317-10,1,1
20220317-11,1,1
20220317-12,1,1
20220317-13,1,1
20220317-14,1,1
20220317-15,1,1
20220317-16,1,1
20220317-17,1,1
20220317-18,1,1
20220317-19,1,1
20220317-20,1,1
20220317-21,1,1
20220317-22,1,1
20220317-23,1,1
20220318-00,1,1
20220318-01,1,1
20220318-02,1,1
20220318-03,1,1
20220318-04,1,1
20220318-05,1,1
20220318-06,1,1
20220318-07,1,1
20220318-08,1,1
20220318-09,1,1
20220318-10,1,1
20220318-11,1,1
20220318-12,1,1
20220318-13,1,1
20220318-14,1,1
20220318-15,1,1
20220318-16,1,1
20220318-17,1,1
20220318-18,1,1
20220318-19,1,1
20220318-20,1,1
20220318-21,1,1
20220318-22,1,1
20220318-23,1,1
20220319-00,1,1
20220319-01,1,1
20220319-02,1,1
20220319-03,1,1
20220319-04,1,1
20220319-05,1,1
20220319-06,1,1
20220319-07,1,1
20220319-08,1,1
20220319-09,0,1
20220319-10,1,1
20220319-11,1,1
20220319-12,1,1
20220319-13,1,1
20220319-14,1,1
20220319-15,0,1
20220319-16,0,1
20220319-17,0,1
20220319-18,1,1
20220319-19,1,1
20220319-20,1,1
20220319-21,0,1
20220319-22,1,1
20220319-23,1,1
20220320-00,1,1
20220320-01,1,1
20220320-02,1,1
20220320-03,1,1
20220320-04,1,1
20220320-05,1,1
20220320-06,1,1
20220320-07,1,1
20220320-08,1,1
20220320-09,1,1
20220320-10,1,1
20220320-11,1,1
20220320-12,1,1
20220320-13,0,1
20220320-14,1,1
20220320-15,0,1
20220320-16,1,1
20220320-17,1,1
20220320-18,1,1
20220320-19,1,1
20220320-20,1,1
20220320-21,0,1
20220320-22,0,1
20220320-23,1,1
20220321-00,1,1
20220321-01,1,1
20220321-02,1,1
20220321-03,1,1
20220321-04,1,1
20220321-05,1,1
20220321-06,1,1
20220321-07,1,1
20220321-08,1,1
20220321-09,1,1
20220321-10,0,1
20220321-11,1,1
20220321-12,0,1
20220321-13,1,1
20220321-14,1,1
20220321-15,1,1
20220321-16,1,1
20220321-17,1,1
20220321-18,1,1
20220321-19,1,1
20220321-20,1,1
20220321-21,1,1
20220321-22,1,1
20220321-23,1,1
20220322-00,1,1
20220322-01,1,1
20220322-02,0,1
20220322-03,1,1
20220322-04,1,1
20220322-05,1,1
20220322-06,1,1
20220322-07,1,1
20220322-08,1,1
20220322-09,0,1
20220322-10,0,1
20220322-11,1,1
20220322-12,0,1
20220322-13,0,1
20220322-14,0,1
20220322-15,1,1
20220322-16,1,1
20220322-17,0,1
20220322-18,1,1
20220322-19,1,1
20220322-20,0,1
20220322-21,0,1
20220322-22,1,1
20220322-23,1,1
20220323-00,1,1
20220323-01,0,1
20220323-02,1,1
20220323-03,0,1
20220323-04,0,1
20220323-05,0,1
20220323-06,1,1
20220323-07,0,1
20220323-08,0,1
20220323-09,0,1
20220323-10,1,1
20220323-11,1,1
20220323-12,0,1
20220323-13,0,1
20220323-14,1,1
20220323-15,1,1
20220323-16,1,1
20220323-17,1,1
20220323-18,1,1
20220323-19,1,1
20220323-20,0,1
20220323-21,0,1
20220323-22,0,1
20220323-23,0,1
20220324-00,0,1
20220324-01,0,1
20220324-02,0,1
20220324-03,0,1
20220324-04,0,1
20220324-05,0,1
20220324-06,0,1
20220324-07,0,1
20220324-08,0,1
20220324-09,0,1
20220324-10,0,1
20220324-11,0,1
20220324-12,0,1
20220324-13,0,1
20220324-14,0,1
20220324-15,0,1
20220324-16,0,1
20220324-17,0,1
20220324-18,0,1
20220324-19,0,1
20220324-20,0,1
20220324-21,0,1
20220324-22,0,1
20220324-23,0,1
20220325-00,0,1
20220325-01,0,1
20220325-02,0,1
20220325-03,0,1
20220325-04,0,1
20220325-05,0,1
20220325-06,0,1
20220325-07,0,1
20220325-08,0,1
20220325-09,0,1
20220325-10,0,1
20220325-11,0,1
20220325-12,0,1
20220325-13,0,1
20220325-14,0,1
20220325-15,0,1
20220325-16,0,1
20220325-17,1,1
20220325-18,1,1
20220325-19,0,1
20220325-20,1,1
20220325-21,1,1
20220325-22,0,1
20220325-23,1,1
20220326-00,1,1
20220326-01,1,1
20220326-02,0,1
20220326-03,1,1
20220326-04,1,1
20220326-05,1,1
20220326-06,1,1
20220326-07,1,1
20220326-08,1,1
20220326-09,0,1
20220326-10,0,1
20220326-11,1,1
20220326-12,1,1
20220326-13,1,1
20220326-14,1,1
20220326-15,1,1
20220326-16,0,1
20220326-17,1,1
20220326-18,0,1
20220326-19,1,1
20220326-20,1,1
20220326-21,1,1
20220326-22,1,1
20220326-23,1,1
20220327-00,1,1
20220327-01,1,1
20220327-02,1,1
20220327-03,1,1
20220327-04,1,1
20220327-05,1,1
20220327-06,0,1
20220327-07,0,1
20220327-08,0,1
20220327-09,1,1
20220327-10,1,1
20220327-11,1,1
20220327-12,0,1
20220327-13,1,1
20220327-14,0,1
20220327-15,0,1
20220327-16,1,1
20220327-17,0,1
20220327-18,1,1
20220327-19,1,1
20220327-20,1,1
20220327-21,0,1
20220327-22,1,1
20220327-23,1,1
20220328-00,1,1
20220328-01,1,1
20220328-02,1,1
20220328-03,1,1
20220328-04,0,1
20220328-05,0,1
20220328-06,1,1
20220328-07,1,1
20220328-08,0,1
20220328-09,0,1
20220328-10,1,1
20220328-11,1,1
20220328-12,1,1
20220328-13,1,1
20220328-14,1,1
20220328-15,1,1
20220328-16,0,1
20220328-17,1,1
20220328-18,1,1
20220328-19,1,1
20220328-20,1,1
20220328-21,1,1
20220328-22,1,1
20220328-23,0,1
20220329-00,1,1
20220329-01,1,1
20220329-02,1,1
20220329-03,1,1
20220329-04,1,1
20220329-05,1,1
20220329-06,1,1
20220329-07,0,1
20220329-08,1,1
20220329-09,1,1
20220329-10,1,1
20220329-11,1,1
20220329-12,1,1
20220329-13,0,1
20220329-14,1,1
20220329-15,1,1
20220329-16,1,1
20220329-17,1,1
20220329-18,1,1
20220329-19,1,1
20220329-20,1,1
20220329-21,1,1
20220329-22,1,1
20220329-23,1,1
20220330-00,1,1
20220330-01,1,1
20220330-02,1,1
20220330-03,1,1
20220330-04,1,1
20220330-05,1,1
20220330-06,1,1
20220330-07,1,1
20220330-08,1,1
20220330-09,1,1
20220330-10,1,1
20220330-11,1,1
20220330-12,1,1
20220330-13,1,1
20220330-14,1,1
20220330-15,1,1
20220330-16,1,1
20220330-17,1,1
20220330-18,1,1
20220330-19,1,1
20220330-20,1,1
20220330-21,1,1
20220330-22,1,1
20220330-23,1,1
20220331-00,1,1
20220331-01,1,1
20220331-02,1,1
20220331-03,1,1
20220331-04,1,1
20220331-05,0,1
20220331-06,0,1
20220331-07,1,1
20220331-08,1,1
20220331-09,1,1
20220331-10,1,1
20220331-11,1,1
20220331-12,1,1
20220331-13,0,1
20220331-14,1,1
20220331-15,1,1
20220331-16,1,1
20220331-17,1,1
20220331-18,1,1
20220331-19,1,1
20220331-20,1,1
20220331-21,1,1
20220331-22,1,1
20220331-23,1,1
20220401-00,1,1
20220401-01,1,1
20220401-02,1,1
20220401-03,1,1
20220401-04,1,1
20220401-05,1,1
20220401-06,1,1
20220401-07,1,1
20220401-08,1,1
20220401-09,1,1
20220401-10,1,1
20220401-11,1,1
20220401-12,1,1
20220401-13,1,1
20220401-14,1,1
20220401-15,1,1
20220401-16,1,1
20220401-17,1,1
20220401-18,1,1
20220401-19,1,1
20220401-20,1,1
20220401-21,1,1
20220401-22,1,1
20220401-23,1,1
20220402-00,1,1
20220402-01,1,1
20220402-02,1,1
20220402-03,1,1
20220402-04,1,1
20220402-05,1,1
20220402-06,0,1
20220402-07,0,1
20220402-08,0,1
20220402-09,0,1
20220402-10,0,1
20220402-11,0,1
20220402-12,0,1
20220402-13,0,1
20220402-14,0,1
20220402-15,0,1
20220402-16,0,1
20220402-17,0,1
20220402-18,0,1
20220402-19,0,1
20220402-20,0,1
20220402-21,0,1
20220402-22,0,1
20220402-23,0,1
20220403-00,0,1
20220403-01,0,1
20220403-02,0,1
20220403-03,0,1
20220403-04,0,1
20220403-05,0,1
20220403-06,0,1
20220403-07,0,1
20220403-08,0,1
20220403-09,0,1
20220403-10,0,1
20220403-11,0,1
20220403-12,0,1
20220403-13,0,1
20220403-14,0,1
20220403-15,0,1
20220403-16,0,1
20220403-17,0,1
20220403-18,0,1
20220403-19,0,1
20220403-20,0,1
20220403-21,0,1
20220403-22,0,1
20220403-23,0,1
20220404-00,0,1
20220404-01,0,1
20220404-02,0,1
20220404-03,0,1
20220404-04,0,1
20220404-05,0,1
20220404-06,0,1
20220404-07,0,1
20220404-08,0,1
20220404-09,0,1
20220404-10,0,1
20220404-11,0,1
20220404-12,0,1
20220404-13,1,1
20220404-14,1,1
20220404-15,1,1
20220404-16,1,1
20220404-17,1,1
20220404-18,1,1
20220404-19,1,1
20220404-20,1,1
20220404-21,1,1
20220404-22,1,1
20220404-23,1,1
20220405-00,1,1
20220405-01,1,1
20220405-02,1,1
20220405-03,1,1
20220405-04,1,1
20220405-05,1,1
20220405-06,1,1
20220405-07,1,1
20220405-08,1,1
20220405-09,1,1
20220405-10,1,1
20220405-11,0,1
20220405-12,1,1
20220405-13,0,1
20220405-14,0,1
20220405-15,1,1
20220405-16,1,1
20220405-17,1,1
20220405-18,1,1
20220405-19,1,1
20220405-20,1,1
20220405-21,1,1
20220405-22,1,1
20220405-23,1,1
20220406-00,1,1
20220406-01,1,1
20220406-02,1,1
20220406-03,1,1
20220406-04,1,1
20220406-05,1,1
20220406-06,1,1
20220406-07,0,1
20220406-08,1,1
20220406-09,1,1
20220406-10,1,1
20220406-11,1,1
20220406-12,1,1
20220406-13,1,1
20220406-14,1,1
20220406-15,1,1
20220406-16,1,1
20220406-17,1,1
20220406-18,1,1
20220406-19,1,1
20220406-20,1,1
20220406-21,0,1
20220406-22,1,1
20220406-23,1,1
20220407-00,1,1
20220407-01,1,1
20220407-02,0,1
20220407-03,1,1
20220407-04,1,1
20220407-05,1,1
20220407-06,1,1
20220407-07,1,1
20220407-08,1,1
20220407-09,1,1
20220407-10,1,1
20220407-11,1,1
20220407-12,1,1
20220407-13,1,1
20220407-14,1,1
20220407-15,1,1
20220407-16,1,1
20220407-17,1,1
20220407-18,1,1
20220407-19,1,1
20220407-20,1,1
20220407-21,1,1
20220407-22,1,1
20220407-23,1,1
20220408-00,1,1
20220408-01,1,1
20220408-02,1,1
20220408-03,1,1
20220408-04,1,1
20220408-05,1,1
20220408-06,1,1
20220408-07,1,1
20220408-08,1,1
20220408-09,1,1
20220408-10,1,1
20220408-11,1,1
20220408-12,1,1
20220408-13,1,1
20220408-14,1,1
20220408-15,1,1
20220408-16,1,1
20220408-17,1,1
20220408-18,1,1
20220408-19,1,1
20220408-20,1,1
20220408-21,1,1
20220408-22,1,1
20220408-23,1,1
20220409-00,1,1
20220409-01,1,1
20220409-02,1,1
20220409-03,1,1
20220409-04,1,1
20220409-05,1,1
20220409-06,1,1
20220409-07,1,1
20220409-08,1,1
20220409-09,1,1
20220409-10,1,1
20220409-11,1,1
20220409-12,1,1
20220409-13,1,1
20220409-14,1,1
20220409-15,1,1
20220409-16,1,1
20220409-17,1,1
20220409-18,1,1
20220409-19,1,1
20220409-20,1,1
20220409-21,1,1
20220409-22,1,1
20220409-23,1,1
20220410-00,1,1
20220410-01,1,1
20220410-02,1,1
20220410-03,1,1
20220410-04,1,1
20220410-05,1,1
20220410-06,1,1
20220410-07,1,1
20220410-08,1,1
20220410-09,1,1
20220410-10,1,1
20220410-11,1,1
20220410-12,1,1
20220410-13,1,1
20220410-14,1,1
20220410-15,1,1
20220410-16,1,1
20220410-17,1,1
20220410-18,1,1
20220410-19,1,1
20220410-20,1,1
20220410-21,1,1
20220410-22,1,1
20220410-23,1,1
20220411-00,1,1
20220411-01,1,1
20220411-02,1,1
20220411-03,1,1
20220411-04,1,1
20220411-05,1,1
20220411-06,1,1
20220411-07,1,1
20220411-08,1,1
20220411-09,1,1
20220411-10,1,1
20220411-11,1,1
20220411-12,1,1
20220411-13,1,1
20220411-14,1,1
20220411-15,1,1
20220411-16,1,1
20220411-17,1,1
20220411-18,1,1
20220411-19,1,1
20220411-20,1,1
20220411-21,1,1
20220411-22,1,1
20220411-23,1,1
20220412-00,1,1
20220412-01,1,1
20220412-02,1,1
20220412-03,1,1
20220412-04,1,1
20220412-05,1,1
20220412-06,1,1
20220412-07,1,1
20220412-08,1,1
20220412-09,1,1
20220412-10,1,1
20220412-11,1,1
20220412-12,1,1
20220412-13,1,1
20220412-14,1,1
20220412-15,1,1
20220412-16,1,1
20220412-17,1,1
20220412-18,1,1
20220412-19,1,1
20220412-20,1,1
20220412-21,1,1
20220412-22,1,1
20220412-23,1,1
20220413-00,1,1
20220413-01,1,1
20220413-02,1,1
20220413-03,1,1
20220413-04,1,1
20220413-05,1,1
20220413-06,1,1
20220413-07,1,1
20220413-08,1,1
20220413-09,1,1
20220413-10,1,1
20220413-11,1,1
20220413-12,1,1
20220413-13,1,1
20220413-14,1,1
20220413-15,1,1
20220413-16,1,1
20220413-17,1,1
20220413-18,1,1
20220413-19,1,1
20220413-20,1,1
20220413-21,1,1
20220413-22,1,1
20220413-23,1,1
20220414-00,1,1
20220414-01,1,1
20220414-02,1,1
20220414-03,1,1
20220414-04,1,1
20220414-05,1,1
20220414-06,1,1
20220414-07,1,1
20220414-08,1,1
20220414-09,1,1
20220414-10,1,1
20220414-11,1,1
20220414-12,1,1
20220414-13,1,1
20220414-14,1,1
20220414-15,1,1
20220414-16,1,1
20220414-17,1,1
20220414-18,1,1
20220414-19,1,1
20220414-20,1,1
20220414-21,1,1
20220414-22,1,1
20220414-23,1,1
20220415-00,1,1
20220415-01,1,1
20220415-02,1,1
20220415-03,1,1
20220415-04,1,1
20220415-05,1,1
20220415-06,1,1
20220415-07,1,1
20220415-08,1,1
20220415-09,1,1
20220415-10,1,1
20220415-11,1,1
20220415-12,1,1
20220415-13,1,1
20220415-14,1,1
20220415-15,1,1
20220415-16,1,1
20220415-17,1,1
20220415-18,1,1
20220415-19,1,1
20220415-20,1,1
20220415-21,1,1
20220415-22,1,1
20220415-23,1,1
20220416-00,1,1
20220416-01,1,1
20220416-02,1,1
20220416-03,1,1
20220416-04,1,1
20220416-05,1,1
20220416-06,1,1
20220416-07,1,1
20220416-08,1,1
20220416-09,1,1
20220416-10,1,1
20220416-11,1,1
20220416-12,1,1
20220416-13,1,1
20220416-14,1,1
20220416-15,1,1
20220416-16,1,1
20220416-17,1,1
20220416-18,1,1
20220416-19,1,1
20220416-20,1,1
20220416-21,1,1
20220416-22,1,1
20220416-23,1,1
20220417-00,1,1
20220417-01,1,1
20220417-02,1,1
20220417-03,1,1
20220417-04,1,1
20220417-05,1,1
20220417-06,1,1
20220417-07,1,1
20220417-08,1,1
20220417-09,1,1
20220417-10,1,1
20220417-11,1,1
20220417-12,1,1
20220417-13,1,1
20220417-14,1,1
20220417-15,1,1
20220417-16,1,1
20220417-17,1,1
20220417-18,1,1
20220417-19,1,1
20220417-20,1,1
20220417-21,1,1
20220417-22,1,1
20220417-23,1,1
20220418-00,1,1
20220418-01,1,1
20220418-02,1,1
20220418-03,1,1
20220418-04,1,1
20220418-05,1,1
20220418-06,1,1
20220418-07,1,1
20220418-08,1,1
20220418-09,1,1
20220418-10,1,1
20220418-11,1,1
20220418-12,1,1
20220418-13,1,1
20220418-14,1,1
20220418-15,1,1
20220418-16,1,1
20220418-17,1,1
20220418-18,1,1
20220418-19,1,1
20220418-20,1,1
20220418-21,1,1
20220418-22,1,1
20220418-23,1,1
20220419-00,1,1
20220419-01,1,1
20220419-02,1,1
20220419-03,1,1
20220419-04,1,1
20220419-05,1,1
20220419-06,1,1
20220419-07,1,1
20220419-08,1,1
20220419-09,1,1
20220419-10,1,1
20220419-11,1,1
20220419-12,1,1
20220419-13,1,1
20220419-14,1,1
20220419-15,1,1
20220419-16,1,1
20220419-17,1,1
20220419-18,1,1
20220419-19,1,1
20220419-20,1,1
20220419-21,1,1
20220419-22,1,1
20220419-23,1,1
20220420-00,1,1
20220420-01,1,1
20220420-02,1,1
20220420-03,1,1
20220420-04,1,1
20220420-05,1,1
20220420-06,1,1
20220420-07,1,1
20220420-08,1,1
20220420-09,1,1
20220420-10,1,1
20220420-11,1,1
20220420-12,1,1
20220420-13,1,1
20220420-14,1,1
20220420-15,1,1
20220420-16,1,1
20220420-17,1,1
20220420-18,1,1
20220420-19,1,1
20220420-20,1,1
20220420-21,1,1
20220420-22,1,1
20220420-23,1,1
20220421-00,1,1
20220421-01,1,1
20220421-02,1,1
20220421-03,1,1
20220421-04,1,1
20220421-05,1,1
20220421-06,1,1
20220421-07,1,1
20220421-08,1,1
20220421-09,1,1
20220421-10,1,1
20220421-11,1,1
20220421-12,1,1
20220421-13,1,1
20220421-14,1,1
20220421-15,1,1
20220421-16,1,1
20220421-17,1,1
20220421-18,1,1
20220421-19,1,1
20220421-20,1,1
20220421-21,1,1
20220421-22,1,1
20220421-23,1,1
20220422-00,1,1
20220422-01,1,1
20220422-02,1,1
20220422-03,1,1
20220422-04,1,1
20220422-05,1,1
20220422-06,1,1
20220422-07,1,1
20220422-08,1,1
20220422-09,1,1
20220422-10,1,1
20220422-11,1,1
20220422-12,1,1
20220422-13,1,1
20220422-14,1,1
20220422-15,1,1
20220422-16,1,1
20220422-17,1,1
20220422-18,1,1
20220422-19,1,1
20220422-20,1,1
20220422-21,1,1
20220422-22,1,1
20220422-23,1,1
20220423-00,1,1
20220423-01,1,1
20220423-02,1,1
20220423-03,1,1
20220423-04,1,1
20220423-05,1,1
20220423-06,1,1
20220423-07,1,1
20220423-08,1,1
20220423-09,1,1
20220423-10,1,1
20220423-11,1,1
20220423-12,1,1
20220423-13,1,1
20220423-14,0,1
20220423-15,0,1
20220423-16,1,1
20220423-17,1,1
20220423-18,1,1
20220423-19,1,1
20220423-20,1,1
20220423-21,1,1
20220423-22,1,1
20220423-23,1,1
20220424-00,1,1
20220424-01,1,1
20220424-02,1,1
20220424-03,1,1
20220424-04,1,1
20220424-05,1,1
20220424-06,1,1
20220424-07,1,1
20220424-08,1,1
20220424-09,1,1
20220424-10,1,1
20220424-11,1,1
20220424-12,1,1
20220424-13,1,1
20220424-14,1,1
20220424-15,1,1
20220424-16,1,1
20220424-17,1,1
20220424-18,1,1
20220424-19,1,1
20220424-20,1,1
20220424-21,1,1
20220424-22,1,1
20220424-23,1,1
20220425-00,1,1
20220425-01,1,1
20220425-02,1,1
20220425-03,1,1
20220425-04,1,1
20220425-05,1,1
20220425-06,1,1
20220425-07,1,1
20220425-08,1,1
20220425-09,1,1
20220425-10,1,1
20220425-11,1,1
20220425-12,1,1
20220425-13,1,1
20220425-14,1,1
20220425-15,1,1
20220425-16,1,1
20220425-17,1,1
20220425-18,1,1
20220425-19,1,1
20220425-20,1,1
20220425-21,1,1
20220425-22,1,1
20220425-23,1,1
20220426-00,1,1
20220426-01,1,1
20220426-02,1,1
20220426-03,1,1
20220426-04,1,1
20220426-05,1,1
20220426-06,1,1
20220426-07,1,1
20220426-08,1,1
20220426-09,1,1
20220426-10,1,1
20220426-11,1,1
20220426-12,1,1
20220426-13,1,1
20220426-14,1,1
20220426-15,1,1
20220426-16,1,1
20220426-17,1,1
20220426-18,1,1
20220426-19,1,1
20220426-20,1,1
20220426-21,1,1
20220426-22,1,1
20220426-23,1,1
20220427-00,1,1
20220427-01,1,1
20220427-02,1,1
20220427-03,1,1
20220427-04,1,1
20220427-05,1,1
20220427-06,1,1
20220427-07,1,1
20220427-08,1,1
20220427-09,1,1
20220427-10,1,1
20220427-11,1,1
20220427-12,1,1
20220427-13,1,1
20220427-14,1,1
20220427-15,1,1
20220427-16,1,1
20220427-17,1,1
20220427-18,1,1
20220427-19,1,1
20220427-20,1,1
20220427-21,1,1
20220427-22,1,1
20220427-23,1,1
20220428-00,1,1
20220428-01,1,1
20220428-02,1,1
20220428-03,1,1
20220428-04,1,1
20220428-05,1,1
20220428-06,1,1
20220428-07,1,1
20220428-08,1,1
20220428-09,1,1
20220428-10,1,1
20220428-11,1,1
20220428-12,1,1
20220428-13,1,1
20220428-14,1,1
20220428-15,1,1
20220428-16,1,1
20220428-17,1,1
20220428-18,1,1
20220428-19,1,1
20220428-20,1,1
20220428-21,1,1
20220428-22,1,1
20220428-23,1,1
20220429-00,1,1
20220429-01,1,1
20220429-02,1,1
20220429-03,1,1
20220429-04,1,1
20220429-05,1,1
20220429-06,1,1
20220429-07,1,1
20220429-08,1,1
20220429-09,1,1
20220429-10,1,1
20220429-11,1,1
20220429-12,1,1
20220429-13,1,1
20220429-14,1,1
20220429-15,1,1
20220429-16,1,1
20220429-17,1,1
20220429-18,1,1
20220429-19,1,1
20220429-20,1,1
20220429-21,1,1
20220429-22,1,1
20220429-23,1,1
20220430-00,1,1
20220430-01,1,1
20220430-02,1,1
20220430-03,1,1
20220430-04,1,1
20220430-05,1,1
20220430-06,1,1
20220430-07,1,1
20220430-08,1,1
20220430-09,1,1
20220430-10,1,1
20220430-11,1,1
20220430-12,1,1
20220430-13,1,1
20220430-14,1,1
20220430-15,1,1
20220430-16,1,1
20220430-17,1,1
20220430-18,1,1
20220430-19,1,1
20220430-20,1,1
20220430-21,1,1
20220430-22,1,1
20220430-23,1,1
20220501-00,1,1
20220501-01,1,1
20220501-02,1,1
20220501-03,1,1
20220501-04,1,1
20220501-05,1,1
20220501-06,1,1
20220501-07,1,1
20220501-08,1,1
20220501-09,1,1
20220501-10,1,1
20220501-11,1,1
20220501-12,1,1
20220501-13,1,1
20220501-14,1,1
20220501-15,1,1
20220501-16,1,1
20220501-17,1,1
20220501-18,1,1
20220501-19,1,1
20220501-20,1,1
20220501-21,1,1
20220501-22,1,1
20220501-23,1,1
20220502-00,1,1
20220502-01,1,1
20220502-02,1,1
20220502-03,1,1
20220502-04,1,1
20220502-05,1,1
20220502-06,1,1
20220502-07,1,1
20220502-08,1,1
20220502-09,1,1
20220502-10,1,1
20220502-11,1,1
20220502-12,1,1
20220502-13,1,1
20220502-14,1,1
20220502-15,1,1
20220502-16,1,1
20220502-17,1,1
20220502-18,1,1
20220502-19,1,1
20220502-20,1,1
20220502-21,1,1
20220502-22,1,1
20220502-23,1,1
20220503-00,1,1
20220503-01,1,1
20220503-02,1,1
20220503-03,1,1
20220503-04,1,1
20220503-05,1,1
20220503-06,1,1
20220503-07,1,1
20220503-08,1,1
20220503-09,1,1
20220503-10,1,1
20220503-11,1,1
20220503-12,1,1
20220503-13,1,1
20220503-14,1,1
20220503-15,1,1
20220503-16,1,1
20220503-17,1,1
20220503-18,1,1
20220503-19,1,1
20220503-20,1,1
20220503-21,1,1
20220503-22,1,1
20220503-23,1,1
20220504-00,1,1
20220504-01,1,1
20220504-02,1,1
20220504-03,1,1
20220504-04,1,1
20220504-05,1,1
20220504-06,1,1
20220504-07,1,1
20220504-08,1,1
20220504-09,1,1
20220504-10,1,1
20220504-11,1,1
20220504-12,1,1
20220504-13,1,1
20220504-14,1,1
20220504-15,1,1
20220504-16,1,1
20220504-17,1,1
20220504-18,1,1
20220504-19,1,1
20220504-20,1,1
20220504-21,1,1
20220504-22,1,1
20220504-23,1,1
20220505-00,1,1
20220505-01,1,1
20220505-02,1,1
20220505-03,1,1
20220505-04,1,1
20220505-05,1,1
20220505-06,1,1
20220505-07,1,1
20220505-08,1,1
20220505-09,1,1
20220505-10,1,1
20220505-11,1,1
20220505-12,1,1
20220505-13,1,1
20220505-14,1,1
20220505-15,1,1
20220505-16,1,1
20220505-17,1,1
20220505-18,1,1
20220505-19,1,1
20220505-20,1,1
20220505-21,1,1
20220505-22,1,1
20220505-23,1,1
20220506-00,1,1
20220506-01,1,1
20220506-02,1,1
20220506-03,1,1
20220506-04,1,1
20220506-05,1,1
20220506-06,1,1
20220506-07,1,1
20220506-08,1,1
20220506-09,1,1
20220506-10,1,1
20220506-11,1,1
20220506-12,1,1
20220506-13,1,1
20220506-14,1,1
20220506-15,1,1
20220506-16,1,1
20220506-17,1,1
20220506-18,1,1
20220506-19,1,1
20220506-20,1,1
20220506-21,1,1
20220506-22,1,1
20220506-23,1,1
20220507-00,1,1
20220507-01,1,1
20220507-02,1,1
20220507-03,1,1
20220507-04,1,1
20220507-05,1,1
20220507-06,1,1
20220507-07,1,1
20220507-08,1,1
20220507-09,1,1
20220507-10,1,1
20220507-11,1,1
20220507-12,1,1
20220507-13,1,1
20220507-14,1,1
20220507-15,1,1
20220507-16,1,1
20220507-17,1,1
20220507-18,1,1
20220507-19,1,1
20220507-20,1,1
20220507-21,1,1
20220507-22,1,1
20220507-23,1,1
20220508-00,1,1
20220508-01,1,1
20220508-02,1,1
20220508-03,1,1
20220508-04,1,1
20220508-05,1,1
20220508-06,1,1
20220508-07,1,1
20220508-08,1,1
20220508-09,1,1
20220508-10,1,1
20220508-11,1,1
20220508-12,1,1
20220508-13,1,1
20220508-14,1,1
20220508-15,1,1
20220508-16,1,1
20220508-17,1,1
20220508-18,1,1
20220508-19,1,1
20220508-20,1,1
20220508-21,1,1
20220508-22,1,1
20220508-23,1,1
20220509-00,1,1
20220509-01,1,1
20220509-02,1,1
20220509-03,1,1
20220509-04,1,1
20220509-05,1,1
20220509-06,1,1
20220509-07,1,1
20220509-08,1,1
20220509-09,1,1
20220509-10,1,1
20220509-11,1,1
20220509-12,1,1
20220509-13,1,1
20220509-14,1,1
20220509-15,1,1
20220509-16,1,1
20220509-17,1,1
20220509-18,1,1
20220509-19,1,1
20220509-20,1,1
20220509-21,1,1
20220509-22,1,1
20220509-23,1,1
20220510-00,1,1
20220510-01,1,1
20220510-02,1,1
20220510-03,1,1
20220510-04,1,1
20220510-05,1,1
20220510-06,1,1
20220510-07,1,1
20220510-08,1,1
20220510-09,1,1
20220510-10,1,1
20220510-11,1,1
20220510-12,1,1
20220510-13,0,1
20220510-14,0,1
20220510-15,0,1
20220510-16,0,1
20220510-17,0,1
20220510-18,0,1
20220510-19,0,1
20220510-20,0,1
20220510-21,0,1
20220510-22,0,1
20220510-23,0,1
20220511-00,0,1
20220511-01,0,1
20220511-02,0,1
20220511-03,0,1
20220511-04,0,1
20220511-05,0,1
20220511-06,0,1
20220511-07,0,1
20220511-08,0,1
20220511-09,0,1
20220511-10,0,1
20220511-11,1,1
20220511-12,1,1
20220511-13,1,1
20220511-14,1,1
20220511-15,1,1
20220511-16,1,1
20220511-17,1,1
20220511-18,1,1
20220511-19,1,1
20220511-20,1,1
20220511-21,1,1
20220511-22,1,1
20220511-23,1,1
20220512-00,1,1
20220512-01,1,1
20220512-02,1,1
20220512-03,1,1
20220512-04,1,1
20220512-05,1,1
20220512-06,1,1
20220512-07,1,1
20220512-08,1,1
20220512-09,1,1
20220512-10,1,1
20220512-11,1,1
20220512-12,1,1
20220512-13,1,1
20220512-14,1,1
20220512-15,1,1
20220512-16,1,1
20220512-17,1,1
20220512-18,1,1
20220512-19,1,1
20220512-20,1,1
20220512-21,1,1
20220512-22,1,1
20220512-23,1,1
20220513-00,1,1
20220513-01,1,1
20220513-02,1,1
20220513-03,1,1
20220513-04,1,1
20220513-05,1,1
20220513-06,1,1
20220513-07,1,1
20220513-08,1,1
20220513-09,1,1
20220513-10,1,1
20220513-11,1,1
20220513-12,1,1
20220513-13,1,1
20220513-14,1,1
20220513-15,1,1
20220513-16,1,1
20220513-17,1,1
20220513-18,1,1
20220513-19,1,1
20220513-20,1,1
20220513-21,1,1
20220513-22,1,1
20220513-23,1,1
20220514-00,1,1
20220514-01,1,1
20220514-02,1,1
20220514-03,1,1
20220514-04,1,1
20220514-05,1,1
20220514-06,1,1
20220514-07,1,1
20220514-08,1,1
20220514-09,1,1
20220514-10,1,1
20220514-11,1,1
20220514-12,1,1
20220514-13,1,1
20220514-14,1,1
20220514-15,1,1
20220514-16,1,1
20220514-17,1,1
20220514-18,1,1
20220514-19,1,1
20220514-20,1,1
20220514-21,1,1
20220514-22,1,1
20220514-23,1,1
20220515-00,1,1
20220515-01,1,1
20220515-02,1,1
20220515-03,1,1
20220515-04,1,1
20220515-05,1,1
20220515-06,1,1
20220515-07,1,1
20220515-08,1,1
20220515-09,1,1
20220515-10,1,1
20220515-11,1,1
20220515-12,1,1
20220515-13,1,1
20220515-14,1,1
20220515-15,1,1
20220515-16,1,1
20220515-17,1,1
20220515-18,1,1
20220515-19,1,1
20220515-20,1,1
20220515-21,1,1
20220515-22,1,1
20220515-23,1,1
20220516-00,1,1
20220516-01,1,1
20220516-02,1,1
20220516-03,1,1
20220516-04,1,1
20220516-05,1,1
20220516-06,1,1
20220516-07,1,1
20220516-08,1,1
20220516-09,1,1
20220516-10,1,1
20220516-11,1,1
20220516-12,1,1
20220516-13,1,1
20220516-14,1,1
20220516-15,1,1
20220516-16,1,1
20220516-17,1,1
20220516-18,1,1
20220516-19,1,1
20220516-20,1,1
20220516-21,1,1
20220516-22,1,1
20220516-23,1,1
20220517-00,1,1
20220517-01,1,1
20220517-02,1,1
20220517-03,1,1
20220517-04,1,1
20220517-05,1,1
20220517-06,1,1
20220517-07,1,1
20220517-08,1,1
20220517-09,1,1
20220517-10,1,1
20220517-11,0,1
20220517-12,0,1
20220517-13,1,1
20220517-14,1,1
20220517-15,1,1
20220517-16,1,1
20220517-17,1,1
20220517-18,1,1
20220517-19,1,1
20220517-20,1,1
20220517-21,1,1
20220517-22,1,1
20220517-23,1,1
20220518-00,1,1
20220518-01,1,1
20220518-02,1,1
20220518-03,1,1
20220518-04,1,1
20220518-05,1,1
20220518-06,1,1
20220518-07,1,1
20220518-08,1,1
20220518-09,1,1
20220518-10,1,1
20220518-11,1,1
20220518-12,1,1
20220518-13,1,1
20220518-14,1,1
20220518-15,1,1
20220518-16,1,1
20220518-17,1,1
20220518-18,1,1
20220518-19,1,1
20220518-20,1,1
20220518-21,1,1
20220518-22,1,1
20220518-23,1,1
20220519-00,1,1
20220519-01,1,1
20220519-02,1,1
20220519-03,1,1
20220519-04,1,1
20220519-05,1,1
20220519-06,1,1
20220519-07,1,1
20220519-08,1,1
20220519-09,1,1
20220519-10,1,1
20220519-11,1,1
20220519-12,1,1
20220519-13,1,1
20220519-14,1,1
20220519-15,1,1
20220519-16,1,1
20220519-17,1,1
20220519-18,1,1
20220519-19,1,1
20220519-20,1,1
20220519-21,1,1
20220519-22,1,1
20220519-23,1,1
20220520-00,1,1
20220520-01,1,1
20220520-02,1,1
20220520-03,1,1
20220520-04,1,1
20220520-05,1,1
20220520-06,1,1
20220520-07,1,1
20220520-08,1,1
20220520-09,1,1
20220520-10,1,1
20220520-11,1,1
20220520-12,1,1
20220520-13,1,1
20220520-14,1,1
20220520-15,1,1
20220520-16,1,1
20220520-17,1,1
20220520-18,1,1
20220520-19,1,1
20220520-20,1,1
20220520-21,1,1
20220520-22,1,1
20220520-23,1,1
20220521-00,1,1
20220521-01,1,1
20220521-02,1,1
20220521-03,1,1
20220521-04,1,1
20220521-05,1,1
20220521-06,1,1
20220521-07,1,1
20220521-08,1,1
20220521-09,1,1
20220521-10,1,1
20220521-11,1,1
20220521-12,1,1
20220521-13,1,1
20220521-14,1,1
20220521-15,0,1
20220521-16,0,1
20220521-17,0,1
20220521-18,0,1
20220521-19,1,1
20220521-20,0,1
20220521-21,1,1
20220521-22,1,1
20220521-23,1,1
20220522-00,1,1
20220522-01,1,1
20220522-02,1,1
20220522-03,1,1
20220522-04,1,1
20220522-05,1,1
20220522-06,1,1
20220522-07,1,1
20220522-08,1,1
20220522-09,1,1
20220522-10,1,1
20220522-11,1,1
20220522-12,1,1
20220522-13,1,1
20220522-14,1,1
20220522-15,1,1
20220522-16,1,1
20220522-17,1,1
20220522-18,1,1
20220522-19,1,1
20220522-20,1,1
20220522-21,1,1
20220522-22,1,1
20220522-23,1,1
20220523-00,1,1
20220523-01,1,1
20220523-02,1,1
20220523-03,1,1
20220523-04,1,1
20220523-05,1,1
20220523-06,1,1
20220523-07,1,1
20220523-08,1,1
20220523-09,1,1
20220523-10,1,1
20220523-11,1,1
20220523-12,1,1
20220523-13,1,1
20220523-14,1,1
20220523-15,1,1
20220523-16,0,1
20220523-17,0,1
20220523-18,0,1
20220523-19,0,1
20220523-20,0,1
20220523-21,0,1
20220523-22,0,1
20220523-23,0,1
20220524-00,0,1
20220524-01,0,1
20220524-02,0,1
20220524-03,0,1
20220524-04,0,1
20220524-05,0,1
20220524-06,0,1
20220524-07,0,1
20220524-08,1,1
20220524-09,1,1
20220524-10,1,1
20220524-11,1,1
20220524-12,1,1
20220524-13,1,1
20220524-14,1,1
20220524-15,1,1
20220524-16,0,1
20220524-17,0,1
20220524-18,0,1
20220524-19,0,1
20220524-20,0,1
20220524-21,0,1
20220524-22,0,1
20220524-23,0,1
20220525-00,0,1
20220525-01,0,1
20220525-02,0,1
20220525-03,0,1
20220525-04,0,1
20220525-05,0,1
20220525-06,0,1
20220525-07,0,1
20220525-08,1,1
20220525-09,1,1
20220525-10,1,1
20220525-11,1,1
20220525-12,1,1
20220525-13,1,1
20220525-14,1,1
20220525-15,1,1
20220525-16,1,1
20220525-17,1,1
20220525-18,1,1
20220525-19,1,1
20220525-20,1,1
20220525-21,1,1
20220525-22,1,1
20220525-23,1,1
20220526-00,1,1
20220526-01,1,1
20220526-02,1,1
20220526-03,1,1
20220526-04,1,1
20220526-05,1,1
20220526-06,1,1
20220526-07,1,1
20220526-08,1,1
20220526-09,1,1
20220526-10,1,1
20220526-11,1,1
20220526-12,1,1
20220526-13,1,1
20220526-14,1,1
20220526-15,1,1
20220526-16,1,1
20220526-17,1,1
20220526-18,1,1
20220526-19,1,1
20220526-20,1,1
20220526-21,1,1
20220526-22,1,1
20220526-23,1,1
20220527-00,1,1
20220527-01,1,1
20220527-02,1,1
20220527-03,1,1
20220527-04,1,1
20220527-05,1,1
20220527-06,1,1
20220527-07,1,1
20220527-08,1,1
20220527-09,1,1
20220527-10,1,1
20220527-11,1,1
20220527-12,1,1
20220527-13,1,1
20220527-14,1,1
20220527-15,1,1
20220527-16,1,1
20220527-17,1,1
20220527-18,1,1
20220527-19,1,1
20220527-20,1,1
20220527-21,1,1
20220527-22,1,1
20220527-23,1,1
20220528-00,1,1
20220528-01,1,1
20220528-02,1,1
20220528-03,1,1
20220528-04,1,1
20220528-05,1,1
20220528-06,1,1
20220528-07,1,1
20220528-08,1,1
20220528-09,1,1
20220528-10,1,1
20220528-11,1,1
20220528-12,1,1
20220528-13,1,1
20220528-14,1,1
20220528-15,1,1
20220528-16,1,1
20220528-17,1,1
20220528-18,1,1
20220528-19,1,1
20220528-20,1,1
20220528-21,1,1
20220528-22,1,1
20220528-23,1,1
20220529-00,1,1
20220529-01,1,1
20220529-02,1,1
20220529-03,1,1
20220529-04,1,1
20220529-05,1,1
20220529-06,1,1
20220529-07,1,1
20220529-08,1,1
20220529-09,1,1
20220529-10,1,1
20220529-11,1,1
20220529-12,1,1
20220529-13,1,1
20220529-14,1,1
20220529-15,1,1
20220529-16,1,1
20220529-17,1,1
20220529-18,1,1
20220529-19,1,1
20220529-20,1,1
20220529-21,1,1
20220529-22,1,1
20220529-23,1,1
20220530-00,1,1
20220530-01,1,1
20220530-02,1,1
20220530-03,1,1
20220530-04,1,1
20220530-05,0,1
20220530-06,1,1
20220530-07,1,1
20220530-08,1,1
20220530-09,1,1
20220530-10,1,1
20220530-11,1,1
20220530-12,1,1
20220530-13,1,1
20220530-14,1,1
20220530-15,1,1
20220530-16,1,1
20220530-17,1,1
20220530-18,1,1
20220530-19,1,1
20220530-20,1,1
20220530-21,1,1
20220530-22,1,1
20220530-23,1,1
20220531-00,1,1
20220531-01,1,1
20220531-02,1,1
20220531-03,1,1
20220531-04,1,1
20220531-05,1,1
20220531-06,1,1
20220531-07,0,1
20220531-08,0,1
20220531-09,0,1
20220531-10,0,1
20220531-11,0,1
20220531-12,0,1
20220531-13,0,1
20220531-14,0,1
20220531-15,0,1
20220531-16,0,1
20220531-17,0,1
20220531-18,0,1
20220531-19,0,1
20220531-20,1,1
20220531-21,0,1
20220531-22,0,1
20220531-23,0,1
20220601-00,0,1
20220601-01,0,1
20220601-02,0,1
20220601-03,0,1
20220601-04,0,1
20220601-05,0,1
20220601-06,0,1
20220601-07,0,1
